organizations_id,organizations_name,lat,lng,gmaps_id,address,country,website,organizations_disciplines_id,organizations_funder_id,partner_organizations_id,organizations_project_id
240197,Hawassa University,7.0510585,38.4970211,ChIJJ8qtEZNPsRcRWjRHGgEFkX0,"Awassa, Äthiopien",Athiopien,http://research-earth.de,"10000,10203",1,"248220,241078,240201,240198,1454,241077,244468,138287",147836
230492,Ifakara Health Institute (IHI),-6.7659369,39.2539683,ChIJ6zJ8xDZMXBgR1W72AezkwIw,"Kiko Ave, Dar es Salaam, Tansania",Tansania,http://research-earth.de,"30000,30700,30712,30900,30911",1,"255370,230561,46154,3448,238405,51863,240143,253076,242873,246379,244222,252930","146896,160373,183760"
255913,ECREEE Headquarters,14.9071325,-23.5149586,ChIJ250Fv_GYNQkRmP-3zVjEzl8,"Av. OUA C.P. 288, Praia, Kapverden",Kapverden,http://research-earth.de,"20000,20500,20511",1,"254738,252019,257942,257941,1743,255915,255914",193649
247339,WOMEN’S RIGHT TO EDUCATION PROGRAMME,8.9984456,7.4711008,ChIJVVVVBPIMThAR_bhTyKCGRlw,"Suites D1-D4, 3rd Floor AMWAR Plaza,near Gudu Market Junction Gudu District, Apo Roundabout, Garki, Abuja, Nigeria",Nigeria,http://research-earth.de,"10000,10201,10202",1,"253750,247340,77288,239617,239717,244869,242757",171176
255914,Energy Commission,5.5979975,-0.1828841,ChIJqwtORfma3w8RjHLzeKJ1B9Y,"Ghana Airways Ave, Accra, Ghana",Ghana,http://research-earth.de,"20000,20500,20511",1,"254738,252019,257942,257941,1743,255915,255913",193649
1081,FiBL - Forschungsinstitut für biologischen Landbau,47.516939,8.025083,ChIJV2J9KrZHkEcRH1IKjqoKSH4,"Ackerstrasse 113, 5070 Frick, Schweiz",Schweiz,http://research-earth.de,"30000,30200,30205,20000,20700,20701",1,"239726,239727,242484,239725,240683,246229,261195,241626,82651,241507,249786,241905,241509,240705,242770,241698,241606,243039,232147,239916,244425,231018,241521,58847,256461,234120,216418","147278,152017,152224,160904,177582,177584,194252"
238063,Universität Neuenburg,46.9938549,6.9387031,ChIJV1NCwhAKjkcRfAeyqgbpmqs,"Avenue du Premier-Mars 26, 2000 Neuchâtel, Schweiz",Schweiz,http://research-earth.de,"30000,30200,30209",1,"107132,242551,241614,241626,241617,241619,241624,241621,242552,1447","152154,177583"
239727,CSIR - Water Research Institute,5.595103000000001,-0.1843439,ChIJSUcfsvma3w8RQXxNmHLiDpI,"Accra, Ghana",Ghana,http://research-earth.de,"30000,30200,30205",1,"1081,239726,242484,239725,240683,246229",147278
241507,The International School of IITA Ibadan,7.5014243,3.9099205,ChIJCWkmww_yORARhtE-MSaS-3A,"IITA Entrance Rd, Ibadan, Nigeria",Nigeria,http://research-earth.de,"20000,20700,20701",1,"261195,241626,82651,249786,241905,241509,240705,1081,242770,241521,58847","152017,177584"
240143,School of Public Health,5.636787399999999,-0.1826353,ChIJe22ykXmb3w8RDSXT1frkKcc,"Accra, Ghana",Ghana,http://research-earth.de,"30000,30900,30911",1,"3448,238405,230492,51863,253076,242873,246379,244222,252930","160373,183760"
244432,"Oladele Ajose Building, Faculty Of Public Health",7.400447400000001,3.9006306,ChIJzaVH6V2NORARU9PB2beoRWM,"Agodi, Ibadan, Nigeria",Nigeria,http://research-earth.de,"10000,10105,10104",1,"105908,244433,245880,255672,95106",160910
249786,Universität Félix Houphouët-Boigny,5.3470499,-3.985291599999999,ChIJ70OV94HswQ8RLEA3OjMOlR0,"Abidjan, Côte d’Ivoire",NA,http://research-earth.de,"20000,20700,20701",1,"261195,241626,82651,241507,241905,241509,240705,1081,242770,241521,58847","152017,177584"
254366,Université Alassane Ouattara,7.6864226,-5.0667005,ChIJB5uTt6MAuA8RlQHyw9oUp0w,"BP V 18 01, Bouaké, Côte d’Ivoire",NA,http://research-earth.de,"10000,10201",1,"6113,218329,3081,251085",160929
230460,Universität Addis Abeba,9.033506299999999,38.7636817,ChIJA6jE5ImFSxYRJPQnueMk57o,"NBH1, 4killo King George VI St, Addis Ababa, Äthiopien",Athiopien,http://research-earth.de,"30000,30200,30207",1,"107132,242777,259082,241649,243041,241567,242776,242775,230255,242779,132490,259649,243768,233998","152085,177588"
246712,Wits Parktown Education Campus,-26.1774306,28.0449097,ChIJYTW_0D8MlR4RCt8veT-G3q8,"27 St Andrews Rd, Parktown, Johannesburg, 2193, Südafrika",Sudafrika,http://research-earth.de,"10000,10105,10104",1,"232714,224152,246710,248110,246713,256301,255712","169470,194006"
244446,Universidad del Valle de Guatemala,14.603762,-90.48924799999999,ChIJb19HkamjiYUR8HVUR-FC7T0,"18 Avenida 11-95 Guatemala, 01015, Guatemala",Guatemala,http://research-earth.de,"30000,30800,30812",1,"252930,229553,229552",160919
210259,Interdisziplinäres Zentrum für Geschlechterforschung,46.9557412,7.4356334,ChIJg6Qjjb45jkcR0ieyN-hOczw,"Mittelstrasse 43, 3012 Bern, Schweiz",Schweiz,http://research-earth.de,"10000,10403,10206,10201,10202",1,"5425,241595,240145,240146,239685,51620,230255,240943,253750,249796,229363,246778,249519,246127,242757,244502,242143,242779,128528,255125","147725,152034,171191,177591"
239726,Global Communities,5.6352598,-0.16959369999999999,ChIJY3HYdmib3w8R_aRJXEsJ86A,"Tripoli St, Accra, Ghana",Ghana,http://research-earth.de,"30000,30200,30205",1,"1081,239727,242484,239725,240683,246229",147278
246742,Carrera de Física-UMSA,-16.538422,-68.0684727,ChIJG6N6NUYhX5ERc-s-vBrKyJI,"Calle 27, La Paz, Bolivien",Bolivien,http://research-earth.de,"20000,20700,20704",1,"1758,239744,239679,240686,48278,212842",147320
240943,Centre for Development and Environment,46.9557933,7.4356788,ChIJVT-GkL05jkcRBVnXQeFm02E,"Mittelstrasse 43, 3012 Bern, Schweiz",Schweiz,http://research-earth.de,"10000,10403,10206,30000,30200,30206",1,"5425,241595,240145,240146,239685,51620,210259,230255,242779,233998,1758,259072,234643,231596,258775,255714,53632,249581,238076,260171,226387,128528,260169,255857,252868","147725,152033,152167,171191,177585,177592"
240131,African Center for Economic Transformation,5.5589958,-0.1965617,ChIJq9CFKZ2Q3w8R6LPKk6NVVtk,"50 African Unity Circle, Accra, Ghana",Ghana,http://research-earth.de,"10000,10203",1,"244611,247342,247343,126726,5945","147718,171177"
255915,Accra,5.6037168,-0.1869644,ChIJc6e3soSQ3w8R0y0OZdhO0b4,"Accra, Ghana",Ghana,http://research-earth.de,"20000,20500,20511",1,"254738,252019,257942,257941,1743,255914,255913",193649
249867,PhilTeq Enterprise Inc.,14.6270344,121.0607241,ChIJ_aj9z9K3lzMRYMYv6ITGN10,"ZIP 1102, #935 Aurora Boulevard, corner Pittsburgh, Quezon City, Philippinen",Philippinen,http://research-earth.de,"20000,20500,20505",1,"224160,250819,240694,240700,230309,230519",147330
240694,Visayas State University,10.744397,124.79207100000001,ChIJAdcqiECXBzMRn7eZK7piUp8,"Pangasugan, Baybay City, 6521 Leyte, Philippinen",Philippinen,http://research-earth.de,"20000,20500,20505,20510",1,"224160,250819,249867,240700,230309,230519,249685,249686,249687,250818,139587,227694","147330,177480"
257614,Université de Lausanne,46.5210895,6.5801606,ChIJubx18aoxjEcRKKylyWpyNgk,"1015 Lausanne, Schweiz",Schweiz,http://research-earth.de,"10000,10105,10605",1,"6101,249556,259099,249557",177295
239725,Biotech Concepts GmbH,47.4024413,8.498547199999999,ChIJExiOT6wLkEcR9IujcTwWxOA,"Regensdorferstrasse 5, 8049 Zürich, Schweiz",Schweiz,http://research-earth.de,"30000,30200,30205",1,"1081,239726,239727,242484,240683,246229",147278
230255,Universität Bern,46.9504896,7.438119,ChIJDWEotJ85jkcRRP-8NWlTN-E,"Hochschulstrasse 6, 3012 Bern, Schweiz",Schweiz,http://research-earth.de,"10000,10403,10206,30000,30200,30207,30206,10203",1,"233998,239634,243072,239633,5425,241595,240145,240146,239685,51620,210259,240943,242779,1758,259072,234643,231596,107132,242777,259082,241649,230460,243041,241567,242776,242775,132490,259649,258775,255714,53632,249581,238076,260171,226387,244869,51863,246716,246740,244502,249519,234336,128528,243768,260169,255857,252868","146875,147725,152033,152085,152167,169564,171191,177585,177588,177592,194008"
251123,USI Università della Svizzera italiana,46.0107081,8.9581559,ChIJwwabNpgthEcRCUtLfZifj2E,"Via Giuseppe Buffi 13, 6900 Lugano, Schweiz",Schweiz,http://research-earth.de,"30000,30900,30911",1,"243760,246127,261323,256806,257165,261322,243793,246267,246117",160366
135442,École Polytechnique Fédérale de Lausanne,46.5190557,6.5667576,ChIJP6Ls3f0wjEcRcrKTf6s0zLs,"Route Cantonale, 1015 Lausanne, Schweiz",Schweiz,http://research-earth.de,"30000,30100,30101",1,256147,193915
1454,Faculty Of Science Company,46.1952445,6.1395198,ChIJ_yjtk9V6jEcRy3hLEksXCpY,"Boulevard du Pont-d'Arve 40, 1205 Genève, Schweiz",Schweiz,http://research-earth.de,"10000,10203",1,"248220,241078,240201,240198,240197,241077,244468,138287",147836
6113,Faculty Of Science Sociales Et Politiques,46.5265728,6.5794921,ChIJi7zEMKkxjEcRBTbb-kFIEFg,"1022 Chavannes-près-Renens, Schweiz",Schweiz,http://research-earth.de,"10000,10105,10201",1,"240710,239665,245453,253616,218329,254366,3081,251085,247359,232184","146955,160929,171188"
132490,Universität Bern,46.9504896,7.438119,ChIJDWEotJ85jkcRRP-8NWlTN-E,"Hochschulstrasse 6, 3012 Bern, Schweiz",Schweiz,http://research-earth.de,"30000,30200,30207",1,"107132,242777,259082,241649,230460,243041,241567,242776,242775,230255,242779,259649",152085
221664,École Polytechnique Fédérale de Lausanne,46.5190557,6.5667576,ChIJP6Ls3f0wjEcRcrKTf6s0zLs,"Route Cantonale, 1015 Lausanne, Schweiz",Schweiz,http://research-earth.de,"30000,30200,30206",1,"261067,243035,223117,241513,242672,242668,242667,227440,230163,220082",177587
90107,Eidg. Forschungsanstalt Agroscope Reckenholz-Tänikon (ART),47.428918,8.5163478,ChIJi-EqC94KkEcR1GKO8rRappQ,"Reckenholzstrasse 191, 8046 Zürich, Schweiz",Schweiz,http://research-earth.de,"20000,20700,20709,30000,30200,30205",1,"259342,238601,249487,249683,249681,249682,230309,249703","147314,177346,177481"
249672,Institute of Astronomy and Geophysics,47.92120449999999,106.9542446,ChIJ47WfwB-Sll0RxmGQiu6WEAs,"Ulaanbaatar, Mongolei",Mongolei,http://research-earth.de,"20000,20800,20802",1,"32840,249671,2192,249670",177474
255827,Happy Togo,47.4111337,8.5333494,ChIJgU6Zj4sKkEcR6O8wr4zTHcA,"Affolternstrasse 140, 8050 Zürich, Schweiz",Schweiz,http://research-earth.de,"30000,30200,30205",1,"227440,230163,255826,261195",193032
107132,CABI Europe-Switzerland,47.3730778,7.3248915,ChIJS1JenJ3okUcRZj9VU5uUX74,"Rue des Grillons 1, 2800 Delémont, Schweiz",Schweiz,http://research-earth.de,"30000,30200,30207,30209",1,"242777,259082,241649,230460,243041,241567,242776,242775,230255,242779,132490,259649,242551,238063,241614,241626,241617,241619,241624,241621,242552,1447,243768,233998","152085,152154,177583,177588"
6700,Völkerkundemuseum der Universität Zürich,47.370881,8.534587,ChIJg5HE6QMKkEcR-m6y43Djh2w,"Pelikanstrasse 40, 8001 Zürich, Schweiz",Schweiz,http://research-earth.de,"10000,10403",1,"239729,6684",147350
245881,Universidad Nacional de Colombia,4.6381938,-74.08404639999999,ChIJO8FDSdGbP44RsPaffWYw5T0,"Cra 45, Bogotá, Kolumbien",Kolumbien,http://research-earth.de,"20000,20500,20502",1,"242011,244440,245509,228142,218004",160914
243760,Hug Medicine Tropicale Et Humanitaire,46.1939998,6.1487304,ChIJ_axHbtJ6jEcRobdy4NLhwgM,"Rue Gabrielle-Perret-Gentil 6, 1205 Genève, Schweiz",Schweiz,http://research-earth.de,"30000,30900,30911",1,"246127,261323,256806,257165,261322,243793,246267,246117,251123",160366
229552,Schweizerisches Tropen- und Public Health-Institut,47.55592780000001,7.577431699999999,ChIJMQKj8wC5kUcRjBRGaJHolw0,"Socinstrasse 57, 4051 Basel, Schweiz",Schweiz,http://research-earth.de,"30000,30800,30812,30900,30911,10000,10201,10602",1,"252930,229553,244446,3448,246703,244398,246705,246704,51863,857,249632,249633,35073,5530,261321,244402","160919,169461,177385,194003"
248110,Ethiopian Institute of Technology Mekelle,13.4810249,39.4860632,ChIJ04mRsTL9ahYR55UeMsX6iTE,"Mek'ele, Äthiopien",Athiopien,http://research-earth.de,"10000,10105,10104",1,"232714,246712,224152,246710,246713,256301,255712","169470,194006"
5530,Universität Freiburg,46.806357,7.152006,ChIJVbSPbjJpjkcRGdtTo-6IwUw,"Avenue de l'Europe 20, 1700 Fribourg, Schweiz",Schweiz,http://research-earth.de,"10000,10201,10602",1,"857,249632,249633,35073,229552,261321",177385
234054,Chulalongkorn Universität,13.7382832,100.5324698,ChIJP2Izriqf4jARkyA8pkMGHkI,"254 Phayathai Rd, Wang Mai, Pathum Wan District, Bangkok 10330, Thailand",Thailand,http://research-earth.de,"10000,10201,10202",1,"242534,82651,245860,130853,248698",160867
252326,Haute École de travail social et de la santé,46.5409336,6.648158,ChIJaQx4mmwujEcR2lGTqqiNJdw,"Chemin des Abeilles 14, 1010 Lausanne, Schweiz",Schweiz,http://research-earth.de,"10000,10201",1,"27349,249560,251684,249562",177296
234643,Geneva Academy Of International Humanitarian Law And Human Rights,46.2197263,6.150741099999999,ChIJe0QHOhlljEcRff8Sc6ks8x4,"Rue de Lausanne 120B, 1202 Genève, Schweiz",Schweiz,http://research-earth.de,"10000,10403,10206",1,"242779,233998,1758,5425,230255,259072,240943,231596","152033,177585"
224160,"Berner Fachhochschule BFH, Architektur, Holz und Bau",47.1586997,7.2762495,ChIJFfpEg90ejkcRjjSH_fhkqCg,"Solothurnstrasse 102, 2500 Biel, Schweiz",Schweiz,http://research-earth.de,"20000,20500,20505,20510",1,"250819,249867,240694,240700,230309,230519,249685,249686,249687,250818,139587,227694","147330,177480"
243041,Kenya Agricultural Research Institute - Headquarters,-1.2593453,36.7508756,ChIJuSP-j7wZLxgRRh_H7blgeAk,"Nairobi, Kenia",Kenia,http://research-earth.de,"30000,30200,30207",1,"107132,242777,259082,241649,230460,241567,242776,242775,230255,242779,132490,259649",152085
246703,University of Health and Allied Sciences,6.6032343,0.4758539,ChIJtxe_JislJxAREm2PNasvMqc,"UHAS Main Campus at Sokode-Lokoe PMB 31, Ho, Ghana",Ghana,http://research-earth.de,"30000,30900,30911",1,"3448,244398,246705,246704,51863,229552,244402","169461,194003"
240145,International Centre for Tropical Agriculture (CIAT),-1.9434874,30.0897064,ChIJX5HAKuum3BkRMVwaOwceUT4,"KG 563 St, Kigali, Ruanda",Ruanda,http://research-earth.de,"10000,10403,10206",1,"5425,241595,240146,239685,51620,210259,230255,240943,242779,128528","147725,171191"
249685,"Berner Fachhochschule BFH, Hochschule für Agrar-, Forst- und Lebensmittelwissenschaften HAFL",46.9918182,7.468039500000001,ChIJDfA94XI6jkcRvxKgu1lMdHk,"Länggasse 85, 3052 Zollikofen, Schweiz",Schweiz,http://research-earth.de,"20000,20500,20510",1,"224160,250819,240694,249686,249687,250818,139587,227694",177480
253398,Schweizerisches Tropen- und Public Health-Institut,47.55592780000001,7.577431699999999,ChIJMQKj8wC5kUcRjBRGaJHolw0,"Socinstrasse 57, 4051 Basel, Schweiz",Schweiz,http://research-earth.de,"30000,30900,30911",1,"249588,249587",177319
236544,Eidgenössische Technische Hochschule Zürich,47.37638889999999,8.547628,ChIJ94xuUaagmkcRB3Y3tij0YUs,"Rämistrasse 101, 8092 Zürich, Schweiz",Schweiz,http://research-earth.de,"10000,10201,10202",1,"236390,121316,239715,239702,247315,239765,239716,216945",171175
233813,The Center for Security Studies (CSS) at ETH Zurich,47.3803892,8.5445045,ChIJDdRk4gkKkEcRmkZL2ho-iko,"Haldeneggsteig 4, 8006 Zürich, Schweiz",Schweiz,http://research-earth.de,"10000,10201,10202",1,"236390,121316,247315,239702,239705,239716,239715,216945",147210
247644,Section Des Sciences Pharmaceutiques,46.1944338,6.1507364,ChIJizDgySx7jEcReBkxJry3TM0,"Rue Michel-Servet 1, 1206 Genève, Schweiz",Schweiz,http://research-earth.de,"30000,30300,30306",1,"257337,244453",160923
246772,Casa Fernando Vives (ILADES) - Universidad Alberto Hurtado,-33.444501700000004,-70.6622488,ChIJhdWRcanFYpYRqLyI7TNiUXI,"Erasmo Escala 1801-1875, Santiago, Región Metropolitana, Chile",Chile,http://research-earth.de,"10000,10203",1,"256297,247889,246771,51863,244372,244279,139779","169632,194005"
244502,Hochschulinstitut für internationale Studien und Entwicklung,46.2209088,6.1436432,ChIJJ5vlO-JkjEcRuRHZyflX0XU,"Chemin Eugène-Rigot 2A, 1202 Genève, Schweiz",Schweiz,http://research-earth.de,"10000,10201,10202,10203",1,"253750,249796,229363,246778,249519,210259,246127,242757,242143,244869,51863,230255,246716,246740,234336,255125","152034,169564,177591,194008"
239099,Unisanté | Pharmacie,46.5249487,6.6410211,ChIJubgAbywvjEcRZPfYg7-qfqA,"Rue du Bugnon 44, 1011 Lausanne, Schweiz",Schweiz,http://research-earth.de,"10000,10203",1,"247661,245028,243806,245029,243804,243807,7411,23069,236331","160374,183759"
1758,Geographisches Institut,46.9527378,7.435243199999999,ChIJQe1GkL05jkcRZqPBJdo9Gr0,"Hallerstrasse 12, 3012 Bern, Schweiz",Schweiz,http://research-earth.de,"20000,20700,20704,10000,10403,10206",1,"239744,239679,240686,48278,246742,212842,242779,233998,5425,230255,259072,234643,240943,231596","147320,152033,177585"
51863,Eidgenössische Technische Hochschule Zürich,47.37638889999999,8.547628,ChIJ94xuUaagmkcRB3Y3tij0YUs,"Rämistrasse 101, 8092 Zürich, Schweiz",Schweiz,http://research-earth.de,"30000,30900,30911,10000,10201,10202,10203",1,"3448,238405,230492,240143,253076,242873,246379,244222,244410,241097,253594,246703,244398,246705,246704,229552,244869,230255,246716,246740,244502,249519,234336,256297,247889,246771,246772,244372,244279,139779,252930,244402","160373,160897,169461,169564,169632,183760,194003,194005,194008"
249684,Eidg. Forschungsanstalt Agroscope Reckenholz-Tänikon (ART),47.428918,8.5163478,ChIJi-EqC94KkEcR1GKO8rRappQ,"Reckenholzstrasse 191, 8046 Zürich, Schweiz",Schweiz,http://research-earth.de,NA,1,NA,NA
223117,"Institute for environmental engineering, ETH Zurich",47.40835209999999,8.510176999999999,ChIJ57t3elUKkEcRxlnFV7YTDgA,"John-von-Neumann-Weg 9, 8049 Zürich, Schweiz",Schweiz,http://research-earth.de,"30000,30200,30206",1,"261067,242668,241513,243035,242672,242667,242666,242661,210229,220082,230163,221664,227440","152019,177587"
249683,National Centre For Reptile Welfare,51.2216391,0.3251283,ChIJf0zUQNRJ30cRUEIXydJrHhQ,"Ashes Ln, Tonbridge TN11 0AN, Grossbritannien",Grossbritannien,http://research-earth.de,"30000,30200,30205",1,"249487,259342,249681,90107,249682",177346
230075,SUPSI - Dipartimento ambiente costruzioni e design (DACD),45.8705281,8.9790066,ChIJeZSNvGsyhEcRTFHcyWffL0A,"Via Francesco Catenazzi 23, 6850 Mendrisio, Schweiz",Schweiz,http://research-earth.de,"20000,20500,20506",1,"245879,245878,244428",160906
244869,Hochschulinstitut für internationale Studien und Entwicklung,46.2209088,6.1436432,ChIJJ5vlO-JkjEcRuRHZyflX0XU,"Chemin Eugène-Rigot 2A, 1202 Genève, Schweiz",Schweiz,http://research-earth.de,"10000,10201,10202,10203",1,"253750,239617,77288,96722,242757,238900,51863,230255,246716,246740,244502,249519,234336,247340,247339,239717","146777,169564,171176,194008"
240686,National Service of Meteorology and Hydrology,-16.5023763,-68.1314644,ChIJC1e7q3ogX5ERvLzQdA6Tb94,"Reyes Ortiz 41, La Paz 10993, Bolivien",Bolivien,http://research-earth.de,"20000,20700,20704",1,"1758,239744,239679,48278,246742,212842",147320
246267,Faculty Of Science Company,46.1952445,6.1395198,ChIJ_yjtk9V6jEcRy3hLEksXCpY,"Boulevard du Pont-d'Arve 40, 1205 Genève, Schweiz",Schweiz,http://research-earth.de,"30000,30900,30911",1,"243760,246127,261323,256806,257165,261322,243793,246117,251123",160366
236390,Eidgenössische Technische Hochschule Zürich,47.37638889999999,8.547628,ChIJ94xuUaagmkcRB3Y3tij0YUs,"Rämistrasse 101, 8092 Zürich, Schweiz",Schweiz,http://research-earth.de,"10000,10201,10202",1,"121316,247315,239702,239705,239716,239715,216945,233813,239765,236544","147210,171175"
226387,Eidgenössische Technische Hochschule Zürich,47.37638889999999,8.547628,ChIJ94xuUaagmkcRB3Y3tij0YUs,"Rämistrasse 101, 8092 Zürich, Schweiz",Schweiz,http://research-earth.de,"30000,30200,30206",1,"258775,242779,255714,240146,53632,249581,238076,240943,230255,260171,260169,255857,252868","152167,177592"
244453,AIRC - Universitas Airlangga,-7.2701733,112.7866906,ChIJB8-TBiL61y0RPi3i9EdsrmA,"Jl. Dharmahusada Permai No.1, Mulyorejo, Kec. Mulyorejo, Kota SBY, Jawa Timur 60115, Indonesien",Indonesien,http://research-earth.de,"30000,30300,30306",1,"257337,247644",160923
240146,Nationaluniversität Laos,18.0369375,102.6350625,ChIJK53LtjhdJDERSdAhJQPIM9k,"2JPP+Q2, Don Noun, Laos",Laos,http://research-earth.de,"10000,10403,10206,30000,30200,30206",1,"5425,241595,240145,239685,51620,210259,230255,240943,258775,242779,255714,53632,249581,238076,260171,226387,128528,260169,255857,252868","147725,152167,171191,177592"
257165,Hôpitaux universitaires de Genève,46.19331469999999,6.1490487,ChIJbcOgE9J6jEcRQcQIwduaFnE,"Rue Gabrielle-Perret-Gentil 4, 1205 Genève, Schweiz",Schweiz,http://research-earth.de,"30000,30900,30911",1,"243760,246127,261323,256806,261322,243793,246267,246117,251123",160366
242143,Hochschulinstitut für internationale Studien und Entwicklung,46.2209088,6.1436432,ChIJJ5vlO-JkjEcRuRHZyflX0XU,"Chemin Eugène-Rigot 2A, 1202 Genève, Schweiz",Schweiz,http://research-earth.de,"10000,10201,10202",1,"253750,249796,229363,246778,249519,210259,246127,242757,244502,255125","152034,177591"
239633,Practical Action in Eastern Africa,-1.2793988,36.8105439,ChIJI2izMDMXLxgRqZJWHFi4CkU,"P. O .Box 39493, Nairobi, Kenia",Kenia,http://research-earth.de,"10000,10403,10206",1,"230255,233998,239634,243072",146875
71203,International Centre for Integrated Mountain Development,27.64645,85.323476,ChIJU-cSA3AX6zkRzFidze4aHLc,"Lalitpur 44700, Nepal",Nepal,http://research-earth.de,"30000,30200,30207",1,"71,259072,250814",177386
245880,University of The Western Cape,-33.9335226,18.6279539,ChIJTTafFwlQzB0RXNg3hjlphAM,"University of The Western Cape, Erica Twp, Kapstadt, Südafrika",Sudafrika,http://research-earth.de,"10000,10105,10104",1,"105908,244433,244432,255672,95106",160910
241606,School of Agricultural Sciences,-15.3948318,28.334765,ChIJT75aIXCLQBkRL3S9Jidwjqs,"Lusaka, Sambia",Sambia,http://research-earth.de,"30000,30200,30205",1,"1081,241698,242484,243039,232147,231018","152224,177582"
241567,Kenya Forestry Research Institute (Kefri)-Karura,-1.259837,36.839378,ChIJdRbbZjEXLxgRjLxDMnmjXFI,"Mobil Plaza, Kiambu Rd, Nairobi, Kenia",Kenia,http://research-earth.de,"30000,30200,30207",1,"107132,242777,259082,241649,230460,243041,242776,242775,230255,242779,132490,259649,243768,233998","152085,177588"
241614,Université d'Abomey Calavi,6.413005999999999,2.3450398,ChIJfwKQjoGpJBARfxlYycmDgo4,"Godomey, Benin",Benin,http://research-earth.de,"30000,30200,30209",1,"107132,242551,238063,241626,241617,241619,241624,241621,242552,1447","152154,177583"
232714,Pädagogische Hochschule Zürich,47.3776241,8.5346572,ChIJTythk66gmkcRuOvvXWxmIA8,"Lagerstrasse 2, 8090 Zürich, Schweiz",Schweiz,http://research-earth.de,"10000,10105,10104",1,"246712,224152,246710,248110,246713,256301,255712","169470,194006"
218004,École Polytechnique Fédérale de Lausanne,46.5190557,6.5667576,ChIJP6Ls3f0wjEcRcrKTf6s0zLs,"Route Cantonale, 1015 Lausanne, Schweiz",Schweiz,http://research-earth.de,"20000,20500,20502",1,"242011,244440,245881,245509,228142",160914
241617,"CAB International West Africa Centre, Ghana",5.5977907,-0.1856575,ChIJB2fUx_ia3w8R-D4PsU-6610,"Accra, Ghana",Ghana,http://research-earth.de,"30000,30200,30209",1,"107132,242551,238063,241614,241626,241619,241624,241621,242552,1447","152154,177583"
48578,Eidgenössische Technische Hochschule Zürich,47.37638889999999,8.547628,ChIJ94xuUaagmkcRB3Y3tij0YUs,"Rämistrasse 101, 8092 Zürich, Schweiz",Schweiz,http://research-earth.de,"10000,10403,10206",1,"239601,255903,246690,242451","169430,194004"
257337,Fondation Eclosion,46.1685443,6.103625699999999,ChIJC1PFCXF7jEcR-GKg8jL_7hc,"Chemin des Aulx 14, 1228 Plan-les-Ouates, Schweiz",Schweiz,http://research-earth.de,"30000,30300,30306",1,"247644,244453",160923
51620,Recherche des Nations Unies pour le développement social,46.2242697,6.139745,ChIJe_0MgORkjEcRG-_xidibZlk,"Avenue de la Paix 8, 1202 Genève, Schweiz",Schweiz,http://research-earth.de,"10000,10403,10206",1,"5425,241595,240145,240146,239685,210259,230255,240943",147725
58847,Universität Zürich,47.3743221,8.550981199999999,ChIJi4WVWJ-gmkcRz9p-0FL6ULo,"Rämistrasse 71, 8006 Zürich, Schweiz",Schweiz,http://research-earth.de,"20000,20700,20701",1,"261195,241509,241507,241905,241521,82651,241626,1081,240705,249786,242770",177584
216945,"Tree Ring Laboratory, Lamont-Doherty Earth Observatory of Columbia University",41.0051783,-73.9071998,ChIJKc4k-mvswokRq7qcsQHQ-w8,"115-119 Ludlow Ln, Palisades, NY 10964, Vereinigte Staaten",Vereinigte Staaten,http://research-earth.de,"10000,10201,10202",1,"236390,121316,247315,239702,239705,239716,239715,233813,239765,236544","147210,171175"
238405,"SUPSI - Dipartimento economia aziendale, sanità e sociale (DEASS) - Palazzo E",46.0300213,8.9205513,ChIJR0n3vpUyhEcRsY_Wk8B0Gs0,"Via Cantonale 16E, 6928 Manno, Schweiz",Schweiz,http://research-earth.de,"30000,30900,30911",1,"3448,230492,51863,240143,253076,242873,246379,244222,252930","160373,183760"
244440,Eidgenössische Technische Hochschule Zürich,47.37638889999999,8.547628,ChIJ94xuUaagmkcRB3Y3tij0YUs,"Rämistrasse 101, 8092 Zürich, Schweiz",Schweiz,http://research-earth.de,"20000,20500,20502",1,"242011,245881,245509,228142,218004",160914
255370,Université de Lausanne,46.5210895,6.5801606,ChIJubx18aoxjEcRKKylyWpyNgk,"1015 Lausanne, Schweiz",Schweiz,http://research-earth.de,"30000,30700,30712",1,"230561,230492,46154",146896
243794,Eduardo-Mondlane-Universität,-25.9521498,32.6035601,ChIJjxp_uU6a5h4Rc0ha9QYLdKI,"3453 Avenida Julius Nyerere, Maputo, Mosambik",Mosambik,http://research-earth.de,NA,1,NA,NA
211965,Center Swiss Research Scientifiques En Côte D'ivoire,5.330576,-4.128086,ChIJPbDEABnBwQ8RQGGIeGJgdm8,Côte d’Ivoire,NA,http://research-earth.de,NA,1,NA,NA
244222,"SUPSI - Dipartimento economia aziendale, sanità e sociale (DEASS) - Palazzo E",46.0300213,8.9205513,ChIJR0n3vpUyhEcRsY_Wk8B0Gs0,"Via Cantonale 16E, 6928 Manno, Schweiz",Schweiz,http://research-earth.de,"30000,30900,30911",1,"3448,238405,230492,51863,240143,253076,242873,246379",160373
3448,Schweizerisches Tropen- und Public Health-Institut,47.55592780000001,7.577431699999999,ChIJMQKj8wC5kUcRjBRGaJHolw0,"Socinstrasse 57, 4051 Basel, Schweiz",Schweiz,http://research-earth.de,"30000,30900,30912,30911,30700,30712",1,"239729,228591,252930,239730,238405,230492,51863,240143,253076,242873,246379,244222,249624,244376,255304,256886,255694,244377,246703,244398,246705,246704,229552,244402","147286,160373,160876,169461,183760,194003"
6686,Asien-Orient-Institut Universität Zürich,47.37266409999999,8.5509621,ChIJg0zi-K6gmkcROA01Ep1B_Ug,"Zürichbergstrasse 4, 8032 Zürich, Schweiz",Schweiz,http://research-earth.de,"10000,10200,10503",1,"256272,256273",193980
247342,Geneva School of Business Administration,46.1757046,6.1390892,ChIJLRpD2uB6jEcR4iK7T6ydYt4,"Campus Battelle, Rue de la Tambourine 17, 1227 Carouge, Schweiz",Schweiz,http://research-earth.de,"10000,10203",1,"244611,240131,247343,126726,5945","147718,171177"
252019,UENR,7.350174699999999,-2.3429652,ChIJ1wMIFyrJ2g8RSiKkzBvQSGs,"Sunyani, Ghana",Ghana,http://research-earth.de,"20000,20500,20511",1,"254738,257942,257941,1743,255915,255914,255913",193649
242672,Faculty of Human Ecology,-6.559556199999999,106.728843,ChIJHV4_GrLEaS4RJjqG6WqT960,"Gedung FEMA W1 - L2., Kampus IPB Dramaga, Jalan Kamper, Babakan, Kec. Dramaga, Bogor, Jawa Barat 16680, Indonesien",Indonesien,http://research-earth.de,"30000,30200,30206",1,"261067,242668,223117,241513,243035,242667,242666,242661,210229,220082,230163,221664,227440","152019,177587"
244398,National Center Scientific Research And Technological,12.3822415,-1.5031456,ChIJcS-kdza-Lg4R_EqJB1hzcz4,"Ouagadougou, Burkina Faso",Burkina Faso,http://research-earth.de,"30000,30900,30911",1,"3448,246703,246705,246704,51863,229552,244402","169461,194003"
240705,ETH Zurich: World Food System Center,47.380699,8.542866799999999,ChIJw85x27cLkEcRCq6-pPdj3nY,"Stampfenbachstrasse 52, 8092 Zürich, Schweiz",Schweiz,http://research-earth.de,"20000,20700,20701",1,"261195,241626,82651,241507,249786,241905,241509,1081,242770,241521,58847","152017,177584"
255857,Centre for Development and Environment,46.9557933,7.4356788,ChIJVT-GkL05jkcRBVnXQeFm02E,"Mittelstrasse 43, 3012 Bern, Schweiz",Schweiz,http://research-earth.de,"30000,30200,30206",1,"258775,249581,240146,238076,260171,53632,260169,255714,230255,240943,226387,252868,242779",177592
232147,ZHAW Angewandte Linguistik,47.5033139,8.7267605,ChIJS0dMY3iZmkcRj2jcQ8bFjyo,"Theaterstrasse 15C, 8401 Winterthur, Schweiz",Schweiz,http://research-earth.de,"30000,30200,30205",1,"1081,241698,242484,241606,243039,231018","152224,177582"
249686,USDA Forest Products Laboratory,43.0746139,-89.4276171,ChIJse51EO2sB4gRLyb8SZW41OU,"1 Gifford Pinchot Dr, Madison, WI 53726, Vereinigte Staaten",Vereinigte Staaten,http://research-earth.de,"20000,20500,20510",1,"224160,249685,250819,240694,249687,250818,139587,227694",177480
249562,Gaston Berger University,16.0626374,-16.4258643,ChIJH_TknLpQlQ4R0kTHernFtCE,"Université Gaston berger, Dakar, Senegal",Senegal,http://research-earth.de,"10000,10201",1,"27349,249560,251684,252326",177296
242757,Hochschulinstitut für internationale Studien und Entwicklung,46.2209088,6.1436432,ChIJJ5vlO-JkjEcRuRHZyflX0XU,"Chemin Eugène-Rigot 2A, 1202 Genève, Schweiz",Schweiz,http://research-earth.de,"10000,10201,10202",1,"253750,239617,77288,96722,238900,244869,249796,229363,246778,249519,210259,246127,244502,242143,247340,247339,239717,255125","146777,152034,171176,177591"
255712,Ho Chi Minh City University of Technology and Education,10.8507786,106.7718784,ChIJEePlmbsndTERaR6VvasIlys,"1 Võ Văn Ngân, Linh Chiểu, Thủ Đức, Thành phố Hồ Chí Minh 700000, Vietnam",Vietnam,http://research-earth.de,"10000,10105,10104",1,"232714,246710,256301,224152,248110,246713,246712",194006
241934,Kyrgyz-Turkish Manas University,42.8351943,74.5753687,ChIJ8b0K1evJnjgR2_uy3Y1IzhQ,"Микрорайон Джал, 720038 Biskek, Chuy Province, Kirgisistan",Kirgisistan,http://research-earth.de,"30000,30200,30205",1,"231915,250813",177515
257941,Department Of Economics,6.681759599999999,-1.5745321,ChIJT_zBG2qU2w8RF50pZenBNrU,"Kumasi, Ghana",Ghana,http://research-earth.de,"20000,20500,20511",1,"254738,252019,257942,1743,255915,255914,255913",193649
96722,Hochschulinstitut für internationale Studien und Entwicklung,46.2209088,6.1436432,ChIJJ5vlO-JkjEcRuRHZyflX0XU,"Chemin Eugène-Rigot 2A, 1202 Genève, Schweiz",Schweiz,http://research-earth.de,"10000,10201,10202",1,"253750,239617,77288,242757,238900,244869",146777
227694,"Berner Fachhochschule BFH, Wirtschaft",46.9423824,7.4405459,ChIJT4o8Dfs5jkcROXxRyRFQ3m8,"Brückenstrasse 73, 3005 Bern, Schweiz",Schweiz,http://research-earth.de,"20000,20500,20510",1,"224160,249685,250819,240694,249686,249687,250818,139587",177480
246740,"Institute of Statistical, Social and Economic Research(ISSER)",5.6544922,-0.1844072,ChIJmxuPRYac3w8RSaXx1bUnRio,"P.O BoX LG 74 legon- Accra, Botanical Gardens Rd, Accra, Ghana",Ghana,http://research-earth.de,"10000,10203",1,"244869,51863,230255,246716,244502,249519,234336","169564,194008"
242779,Centre for Development and Environment,46.9557933,7.4356788,ChIJVT-GkL05jkcRBVnXQeFm02E,"Mittelstrasse 43, 3012 Bern, Schweiz",Schweiz,http://research-earth.de,"10000,10403,10206,30000,30200,30207,30206",1,"233998,1758,5425,230255,259072,234643,240943,231596,107132,242777,259082,241649,230460,243041,241567,242776,242775,132490,259649,258775,255714,240146,53632,249581,238076,260171,226387,210259,239685,240145,241595,128528,243768,260169,255857,252868","152033,152085,152167,171191,177585,177588,177592"
110,Universität Zürich Institut für Politikwissenschaften,47.3754943,8.545128499999999,ChIJfzlPbqigmkcRTNg_kZfPrlI,"Seilergraben 53, 8001 Zürich, Schweiz",Schweiz,http://research-earth.de,"30000,30800,30808",1,"230503,245872,245870",160909
256272,Science Po Rabat,33.9836574,-6.7236517,ChIJ3zQgIWxApw0R8letfKHwxX0,"سلا الجديدة 11110, Marokko",Marokko,http://research-earth.de,"10000,10200,10503",1,"6686,256273",193980
256301,Cambodia Development Resource Institute,11.5773061,104.8936949,ChIJ-XexkndRCTERudyDFjFpnHo,"56 St 315, Phnom Penh, Kambodscha",Kambodscha,http://research-earth.de,"10000,10105,10104",1,"232714,246710,224152,255712,248110,246713,246712",194006
54808,Faculty Biology And Medicine,46.5246277,6.6396051,ChIJ56MEpzcujEcRHxXI0_LwofI,"Rue du Bugnon 21, 1005 Lausanne, Schweiz",Schweiz,http://research-earth.de,"30000,30100,30107",1,"255441,254529",189496
246713,BRAC Institute of Educational Development,23.7755336,90.41257639999999,ChIJF7XpWJ3HVTcRkBuW8w07EyU,"113/1 Rd No 2, Dhaka 1212, Bangladesch",Bangladesch,http://research-earth.de,"10000,10105,10104",1,"232714,246712,224152,246710,248110,256301,255712","169470,194006"
238601,National Center for Animal and Plant Health,22.9913232,-82.15342509999999,ChIJS7XqYcmc0ogRyMNQUBvYUKQ,"Autopista Nacional 23km 1/2, Carretera, San José de las Lajas, Kuba",Kuba,http://research-earth.de,"20000,20700,20709",1,"259342,90107,230309,249703","147314,177481"
242667,Päpstliche Universität Xaveriana,4.628487499999999,-74.06466449999999,ChIJnxw_GaiZP44RB0wTD2QxNPk,"Cra. 7 #No. 40 - 62, Bogotá, Kolumbien",Kolumbien,http://research-earth.de,"30000,30200,30206",1,"261067,242668,223117,241513,243035,242672,242666,242661,210229,220082,230163,221664,227440","152019,177587"
250819,USDA Forest Products Laboratory,43.0746139,-89.4276171,ChIJse51EO2sB4gRLyb8SZW41OU,"1 Gifford Pinchot Dr, Madison, WI 53726, Vereinigte Staaten",Vereinigte Staaten,http://research-earth.de,"20000,20500,20505,20510",1,"224160,249867,240694,240700,230309,230519,249685,249686,249687,250818,139587,227694","147330,177480"
210229,NUS Civil and Environmental Engineering,1.299104,103.7708718,ChIJjW8OXvca2jERLDuB8HAC6ts,"1 Engineering Drive 2, #07-03 E1A, Singapur 117576",NA,http://research-earth.de,"30000,30200,30206",1,"261067,242668,223117,241513,243035,242672,242667,242666,242661,220082,230163",152019
218534,CIDEIM,3.3387691,-76.528331,ChIJCb7wnumhMI4Rz-bc-bU6Ogs,"Av. La Maria #19-225, Cali, Valle del Cauca, Kolumbien",Kolumbien,http://research-earth.de,"30000,30300,30307",1,212598,190140
244380,"Faculty of Arts, University of Colombo",6.9016603,79.8627581,ChIJf19eL2NZ4joRU13iWqE5P24,"Reid Avenue, Philip Gunewardena Mawatha, Colombo, Sri Lanka",Sri Lanka,http://research-earth.de,NA,1,NA,NA
124343,Eidgenössische Technische Hochschule Zürich,47.37638889999999,8.547628,ChIJ94xuUaagmkcRB3Y3tij0YUs,"Rämistrasse 101, 8092 Zürich, Schweiz",Schweiz,http://research-earth.de,"10000,10203",1,"254198,253770",188830
71,Institut für Pflanzenwissenschaften,46.9535203,7.445292699999999,ChIJbeEWl-o5jkcRSTKOWFf0A-g,"Altenbergrain 21, 3013 Bern, Schweiz",Schweiz,http://research-earth.de,"30000,30200,30207",1,"259072,250814,71203",177386
242424,Eawag,47.4038135,8.6097632,ChIJr-jr3qehmkcRMfRU__G-l2A,"Ueberlandstrasse 133, 8600 Dübendorf, Schweiz",Schweiz,http://research-earth.de,NA,1,NA,NA
239916,University of Sfax,34.7360653,10.7428075,ChIJgYYMf9IsABMRKoWAup11PQY,"Université de Route de l'Aéroport Km 0.5 BP 1169 .3029 Sfax Sfax, 3029, Tunesien",Tunesien,http://research-earth.de,"30000,30200,30205",1,"1081,244425",160904
82651,Center Swiss Research Scientifiques En Côte D'ivoire,5.330576,-4.128086,ChIJPbDEABnBwQ8RQGGIeGJgdm8,Côte d’Ivoire,NA,http://research-earth.de,"20000,20700,20701,10000,10201,10202",1,"261195,241626,241507,249786,241905,241509,240705,1081,242770,242534,245860,130853,234054,248698,241521,58847","152017,160867,177584"
255826,University of Lomé,6.177378999999999,1.2130227,ChIJT0w05HXiIxAR0jR8YOmCT2M,"01BP1515, Lomé, Togo",Togo,http://research-earth.de,"30000,30200,30205",1,"227440,230163,255827,261195",193032
253076,"SUPSI - Dipartimento economia aziendale, sanità e sociale (DEASS) - Stabile Piazzetta",46.035764,8.926701999999999,ChIJJ9F3eOwyhEcR-05zdzu4yKs,"Via Violino 11, 6928 Manno, Schweiz",Schweiz,http://research-earth.de,"30000,30900,30911",1,"3448,238405,230492,51863,240143,242873,246379,244222,252930","160373,183760"
248220,World Trade Institute,46.9521621,7.434993599999999,ChIJ6-Ptor05jkcRY2GiegM-zXk,"Hallerstrasse 6, 3012 Bern, Schweiz",Schweiz,http://research-earth.de,"10000,10203",1,"241078,240201,240198,240197,1454,241077,244468,138287",147836
242551,Institut d'ethnologie,46.9905245,6.920239400000001,ChIJCcxvVQkKjkcR1MrKwm6bB2A,"Rue de Saint-Nicolas 4, 2000 Neuchâtel, Schweiz",Schweiz,http://research-earth.de,"30000,30200,30209",1,"107132,238063,241614,241626,241617,241619,241624,241621,242552,1447","152154,177583"
254806,Eidgenössische Technische Hochschule Zürich,47.37638889999999,8.547628,ChIJ94xuUaagmkcRB3Y3tij0YUs,"Rämistrasse 101, 8092 Zürich, Schweiz",Schweiz,http://research-earth.de,NA,1,NA,NA
246771,Université d'Abomey Calavi,6.413005999999999,2.3450398,ChIJfwKQjoGpJBARfxlYycmDgo4,"Godomey, Benin",Benin,http://research-earth.de,"10000,10203",1,"256297,247889,246772,51863,244372,244279,139779","169632,194005"
250818,USDA Forest Products Laboratory,43.0746139,-89.4276171,ChIJse51EO2sB4gRLyb8SZW41OU,"1 Gifford Pinchot Dr, Madison, WI 53726, Vereinigte Staaten",Vereinigte Staaten,http://research-earth.de,"20000,20500,20510",1,"224160,249685,250819,240694,249686,249687,139587,227694",177480
227440,Eidgenössische Technische Hochschule Zürich,47.37638889999999,8.547628,ChIJ94xuUaagmkcRB3Y3tij0YUs,"Rämistrasse 101, 8092 Zürich, Schweiz",Schweiz,http://research-earth.de,"20000,20700,20701,10000,10403,10206,30000,30200,30206,30205",1,"239612,249581,218520,99008,220554,261067,230163,224425,243035,221664,223117,241513,242672,242668,242667,220082,255826,255827,261195","146791,146852,177587,193032"
247889,Universidad de Costa Rica,9.9369824,-84.05102839999999,ChIJt992czTjoI8RX0LC-sNSO9A,"Ciudad Universitaria Rodrigo Facio Brenes, San José, San Pedro, Costa Rica",Costa Rica,http://research-earth.de,"10000,10203",1,"256297,246771,246772,51863,244372,244279,139779","169632,194005"
230163,Institute Of Terrestrial Ecosystems,47.379223,8.548385,ChIJef0p7KagmkcRTYTMxTJk0qc,"Universitätstrasse 16, 8006 Zürich, Schweiz",Schweiz,http://research-earth.de,"10000,10403,10206,30000,30200,30206,30205",1,"227440,261067,249581,224425,242668,223117,241513,243035,242672,242667,242666,242661,210229,220082,221664,255826,255827,261195","146852,152019,177587,193032"
220554,EPFL Laboratoire de Machines hydrauliques,46.5131633,6.6205412,ChIJh5I7JtQvjEcRMH8V58ImG3E,"Bis, Avenue de Cour 33, 1007 Lausanne, Schweiz",Schweiz,http://research-earth.de,"20000,20700,20701",1,"227440,239612,249581,218520,99008",146791
241595,Eidgenössische Technische Hochschule Zürich,47.37638889999999,8.547628,ChIJ94xuUaagmkcRB3Y3tij0YUs,"Rämistrasse 101, 8092 Zürich, Schweiz",Schweiz,http://research-earth.de,"10000,10403,10206",1,"5425,240145,240146,239685,51620,210259,230255,240943,242779,128528,239601,251134,239191,261344","147725,171191,177322"
39202,Eidgenössische Technische Hochschule Zürich,47.37638889999999,8.547628,ChIJ94xuUaagmkcRB3Y3tij0YUs,"Rämistrasse 101, 8092 Zürich, Schweiz",Schweiz,http://research-earth.de,NA,1,NA,NA
245436,École Polytechnique Fédérale de Lausanne,46.5190557,6.5667576,ChIJP6Ls3f0wjEcRcrKTf6s0zLs,"Route Cantonale, 1015 Lausanne, Schweiz",Schweiz,http://research-earth.de,"20000,20300,20301",1,"233922,239643",146919
249519,Maison de la Paix,46.2207869,6.143574099999999,ChIJs7wQ7OFkjEcRvNAH4EUjilM,"Chemin Eugène-Rigot 2, 1202 Genève, Schweiz",Schweiz,http://research-earth.de,"10000,10201,10202,10203",1,"253750,249796,229363,246778,210259,246127,242757,244502,242143,244869,51863,230255,246716,246740,234336,255125","152034,169564,177591,194008"
6509,Eidgenössische Technische Hochschule Zürich,47.37638889999999,8.547628,ChIJ94xuUaagmkcRB3Y3tij0YUs,"Rämistrasse 101, 8092 Zürich, Schweiz",Schweiz,http://research-earth.de,NA,1,NA,NA
242534,swisspeace Schweizerische Friedensstiftung,47.5545596,7.5848767,ChIJZYQeCcI5jkcRgceQgBDZKXE,"Steinengraben 22, 4051 Basel, Schweiz",Schweiz,http://research-earth.de,"10000,10201,10202",1,"82651,245860,130853,234054,248698",160867
224152,Institut für Erziehungswissenschaft Abteilung Lehrerinnen- und Lehrerbildung Maturitätsschulen,47.37147239999999,8.5485689,ChIJN7dgrq6gmkcRHbBy1pNkGD0,"Kantonsschulstrasse 3, 8001 Zürich, Schweiz",Schweiz,http://research-earth.de,"10000,10105,10104",1,"232714,246712,246710,248110,246713,256301,255712","169470,194006"
249560,Hochschulinstitut für internationale Studien und Entwicklung,46.2209088,6.1436432,ChIJJ5vlO-JkjEcRuRHZyflX0XU,"Chemin Eugène-Rigot 2A, 1202 Genève, Schweiz",Schweiz,http://research-earth.de,"10000,10201",1,"27349,251684,249562,252326",177296
242451,Université de Lausanne,46.5210895,6.5801606,ChIJubx18aoxjEcRKKylyWpyNgk,"1015 Lausanne, Schweiz",Schweiz,http://research-earth.de,"10000,10403,10206",1,"239601,255903,246690,48578",169430
2192,"Institut für Atmosphäre und Klima, ETH Zürich",47.379223,8.548385,ChIJlb637qagmkcR0bRGz5I4S3s,"Universitätstrasse 16, 8006 Zürich, Schweiz",Schweiz,http://research-earth.de,"20000,20800,20802",1,"32840,249671,249672,249670",177474
230309,"Berner Fachhochschule BFH, Hochschule für Agrar-, Forst- und Lebensmittelwissenschaften HAFL",46.9918182,7.468039500000001,ChIJDfA94XI6jkcRvxKgu1lMdHk,"Länggasse 85, 3052 Zollikofen, Schweiz",Schweiz,http://research-earth.de,"20000,20500,20505,20700,20709",1,"224160,250819,249867,240694,240700,230519,259342,238601,249703,90107","147330,177481"
238076,Eidgenössische Technische Hochschule Zürich,47.37638889999999,8.547628,ChIJ94xuUaagmkcRB3Y3tij0YUs,"Rämistrasse 101, 8092 Zürich, Schweiz",Schweiz,http://research-earth.de,"30000,30200,30206",1,"258775,242779,255714,240146,53632,249581,240943,230255,260171,226387,260169,255857,252868","152167,177592"
105908,Hochschule für Wirtschaft,47.5458483,7.5949985,ChIJj-1vS0m4kUcRdigyz4o_V8M,"Peter Merian-Strasse 86, 4052 Basel, Schweiz",Schweiz,http://research-earth.de,"10000,10105,10104",1,"244433,245880,244432,255672,95106",160910
244376,Greater gaborone district health management team,-24.6672259,25.9270328,ChIJ9ajErBxbux4RLvv6F2RLxIU,"Unnamed Road, Gaborone, Botswana",Botswana,http://research-earth.de,"30000,30700,30712",1,"249624,255304,256886,255694,244377,3448",160876
239705,Center for Democratic Development Ghana,5.609729199999999,-0.1915355,ChIJl95bYqmb3w8Rioi4qMfBnhI,"No. 95 Nortei Ababio Loop, North, Ghana",Ghana,http://research-earth.de,"10000,10201,10202",1,"236390,121316,247315,239702,239716,239715,216945,233813",147210
138287,Centre for Development and Environment,46.9557933,7.4356788,ChIJVT-GkL05jkcRBVnXQeFm02E,"Mittelstrasse 43, 3012 Bern, Schweiz",Schweiz,http://research-earth.de,"10000,10203",1,"248220,241078,240201,240198,240197,1454,241077,244468",147836
244425,"Central Library, Faculty of Science Semlalia",31.6490864,-8.0154408,ChIJtSY8ZZ3urw0RZN0J9eP1z0k,"Boulevard Prince Moulay Abdellah, Marrakech 40000, Marokko",Marokko,http://research-earth.de,"30000,30200,30205",1,"1081,239916",160904
238900,Hochschulinstitut für internationale Studien und Entwicklung,46.2209088,6.1436432,ChIJJ5vlO-JkjEcRuRHZyflX0XU,"Chemin Eugène-Rigot 2A, 1202 Genève, Schweiz",Schweiz,http://research-earth.de,"10000,10201,10202",1,"253750,239617,77288,96722,242757,244869",146777
5425,Institut für Sozialanthropologie,46.9538222,7.4302169,ChIJe1iObpg5jkcR2KTrDIFZoeQ,"Lerchenweg 36, 3012 Bern, Schweiz",Schweiz,http://research-earth.de,"10000,10403,10206",1,"241595,240145,240146,239685,51620,210259,230255,240943,242779,233998,1758,259072,234643,231596,128528","147725,152033,171191,177585"
239702,The School of Global Affairs and Public Policy,30.0187277,31.4998937,ChIJr4pPClsiWBQRITx9i0V4XyI,"74 S Teseen, NEW CAIRO, First New Cairo, Cairo Governorate 11835, Ägypten",Agypten,http://research-earth.de,"10000,10201,10202",1,"236390,121316,247315,239705,239716,239715,216945,233813,239765,236544","147210,171175"
256273,Birzeit University,31.9591925,35.1820071,ChIJd1FQ9kUqHRURYNn30kByzFk,"West bank, Palestine, Birzeit",Birzeit,http://research-earth.de,"10000,10200,10503",1,"6686,256272",193980
246379,"Departement Geistes-, Sozial- und Staatswissenschaften",47.3803892,8.5445045,ChIJ9fVz4gkKkEcRt2TKOQ1r3w4,"Haldeneggsteig 4, 8092 Zürich, Schweiz",Schweiz,http://research-earth.de,"30000,30900,30911",1,"3448,238405,230492,51863,240143,253076,242873,244222",160373
47846,Institut für Parasitologie Universität ZH,47.3999033,8.5530496,ChIJdzduI4KgmkcRUlSRYAK6Ft4,"Winterthurerstrasse 266A, 8057 Zürich, Schweiz",Schweiz,http://research-earth.de,"30000,30100,30103",1,"255285,218544",191762
239612,Université d’Antananarivo,-18.914032,47.55181169999999,ChIJt35a54h98CERPMREKzyK8Lw,"Présidence de l'Université d'Antananarivo: BP 566 Antananarivo, 101, Madagaskar",Madagaskar,http://research-earth.de,"20000,20700,20701",1,"227440,249581,218520,99008,220554",146791
241097,Laboratoire Citoyennetés,12.3792999,-1.4864963,ChIJ9Qn3KFe-Lg4RpW74Rqq9FiI,"Rue Zangoeg-Pelgo, Zogona, Ouagadougou, Burkina Faso",Burkina Faso,http://research-earth.de,"10000,10201,10202",1,"51863,244410,253594",160897
239601,Faculty Of Geosciences Environmental And,46.52648050000001,6.579694399999999,ChIJj86pNqkxjEcRs2X6awsJEEQ,"1022 Chavannes-près-Renens, Schweiz",Schweiz,http://research-earth.de,"10000,10403,10206",1,"255903,246690,48578,242451,241595,251134,239191,261344","169430,177322,194004"
252930,Schweizerisches Tropen- und Public Health-Institut,47.55592780000001,7.577431699999999,ChIJMQKj8wC5kUcRjBRGaJHolw0,"Socinstrasse 57, 4051 Basel, Schweiz",Schweiz,http://research-earth.de,"30000,30900,30912,30800,30812,30700,30712,30911",1,"3448,239729,228591,239730,229553,244446,229552,253033,230492,51863,240143,238405,253076","147286,160919,160930,183760"
121316,Département d'économie politique,46.19540019999999,6.140874500000001,ChIJ8z_LgtV6jEcRUBSzYX9t4so,"Boulevard Carl-Vogt 101, 1205 Genève, Schweiz",Schweiz,http://research-earth.de,"10000,10201,10202",1,"236390,247315,239702,239705,239716,239715,216945,233813,239765,236544","147210,171175"
53632,Institut für Politikwissenschaft,46.9534713,7.4227339,ChIJza2VM6A5jkcRynZTb-A4kMU,"Fabrikstrasse 8, 3012 Bern, Schweiz",Schweiz,http://research-earth.de,"30000,30200,30206",1,"258775,242779,255714,240146,249581,238076,240943,230255,260171,226387,260169,255857,252868","152167,177592"
246716,National Institute for Economic Research,18.007583,102.6474583,ChIJA4NwIfRnJDERVnzW2Vq6Xd0,"Vientiane, Laos",Laos,http://research-earth.de,"10000,10203",1,"244869,51863,230255,246740,244502,249519,234336","169564,194008"
95106,IWI Institut für Wirtschaftsinformatik FHNW,47.545881,7.5950111,ChIJj-1vS0m4kUcRaobXzh4DyUs,"Peter Merian-Strasse 86, 4002 Basel, Schweiz",Schweiz,http://research-earth.de,"10000,10105,10104",1,"105908,244433,245880,244432,255672",160910
243793,B.P. Koirala Institute of Health Sciences,26.8122418,87.26836089999999,ChIJd2wmza1B7zkRxkkYH95cyzk,"Buddha Road, Dharan 56700, Nepal",Nepal,http://research-earth.de,"30000,30900,30911",1,"243760,246127,261323,256806,257165,261322,246267,246117,251123",160366
239685,Universidad Mayor de San Andrés,-16.5047667,-68.1299168,ChIJ3T15IGUgX5ERdpnGbDTf9lM,"J.J.Perez, La Paz, Bolivien",Bolivien,http://research-earth.de,"10000,10403,10206",1,"5425,241595,240145,240146,51620,210259,230255,240943,242779,128528","147725,171191"
130853,swisspeace Schweizerische Friedensstiftung,47.5545596,7.5848767,ChIJZYQeCcI5jkcRgceQgBDZKXE,"Steinengraben 22, 4051 Basel, Schweiz",Schweiz,http://research-earth.de,"10000,10201,10202",1,"242534,82651,245860,234054,248698",160867
230561,ILALA MUNICIPAL COUNCIL,-6.819770200000001,39.2804049,ChIJ7_Q9QuZLXBgRyvRgd9N3VxI,"Dar es Salaam, Tansania",Tansania,http://research-earth.de,"30000,30700,30712",1,"255370,230492,46154",146896
242776,"College of Forestry, Wildlife and Tourism",-6.852747,37.6586405,ChIJgaTVe9ddWhgRwF2Mpf-EroY,"College of Forestry, Wildlife and Tourism, TZ, 3009, Tansania",Tansania,http://research-earth.de,"30000,30200,30207",1,"107132,242777,259082,241649,230460,243041,241567,242775,230255,242779,132490,259649,243768,233998","152085,177588"
23069,HEC Lausanne,46.5223323,6.584319600000001,ChIJO9PnfKwxjEcRiY_qC9G2eok,"Quartier de Chambronne, Internef 261, 1015 Lausanne, Schweiz",Schweiz,http://research-earth.de,"10000,10203",1,"247661,245028,243806,245029,243804,239099,243807,7411,236331","160374,183759"
35073,Institut für Sprachwissenschaft,46.9543207,7.430421799999999,ChIJTU6Scpg5jkcRBlcpN-KYDQQ,"Länggassstrasse 49, 3012 Bern, Schweiz",Schweiz,http://research-earth.de,"10000,10201,10602",1,"857,249632,249633,5530,229552,261321",177385
245879,Faculty of Forestry UGM,-7.767026299999999,110.3810022,ChIJh82tA7NZei4RwdB9rRNQ-xs,"Universitas Gadjah Mada Jl. Agro, Bulaksumur No.1, Kocoran, Caturtunggal, Kec. Depok, Kabupaten Sleman, Daerah Istimewa Yogyakarta 55281, Indonesien",Indonesien,http://research-earth.de,"20000,20500,20506",1,"230075,245878,244428",160906
239729,Makerere-Universität,0.3335304,32.5675046,ChIJ703liG27fRcRnQgL4fv8xt0,"University Rd, Kampala, Uganda",Uganda,http://research-earth.de,"30000,30900,30912,10000,10403",1,"3448,228591,252930,239730,6700,6684","147286,147350"
231596,SCNAT | Akademie der Naturwissenschaften | Académie des sciences nat. | Accademia di scienze nat.,46.947057,7.4366015,ChIJLXBIZrk5jkcRbN44WvYjJFI,"Haus der Akademien, Laupenstrasse 7, 3008 Bern, Schweiz",Schweiz,http://research-earth.de,"10000,10403,10206",1,"242779,233998,1758,5425,230255,259072,234643,240943",152033
46154,"Universitätsklinik für Kinderchirurgie und Kinderheilkunde, Inselspital Bern",46.9470528,7.4257951,ChIJneO1zKU5jkcRPLKXGTPL0iI,"Freiburgstrasse 15, 3010 Bern, Schweiz",Schweiz,http://research-earth.de,"30000,30700,30712",1,"255370,230561,230492",146896
41533,Institut für Parasitologie Universität ZH,47.3999033,8.5530496,ChIJdzduI4KgmkcRUlSRYAK6Ft4,"Winterthurerstrasse 266A, 8057 Zürich, Schweiz",Schweiz,http://research-earth.de,"30000,30100,30104",1,NA,160877
244279,Eidgenössische Technische Hochschule Zürich,47.37638889999999,8.547628,ChIJ94xuUaagmkcRB3Y3tij0YUs,"Rämistrasse 101, 8092 Zürich, Schweiz",Schweiz,http://research-earth.de,"10000,10203",1,"256297,247889,246771,246772,51863,244372,139779","169632,194005"
246710,Faculty of Engineering (NUOL),17.9396795,102.6240259,ChIJjWC-ox9mJDER0FmTBQ3CMxA,"Vientiane, Laos",Laos,http://research-earth.de,"10000,10105,10104",1,"232714,246712,224152,248110,246713,256301,255712","169470,194006"
251085,Institut européen de l'Université de Genève,46.1995028,6.147708700000001,ChIJSwS48CxljEcRnc4LhiRp-g8,"Rue Jean-Daniel-Colladon 2, 1204 Genève, Schweiz",Schweiz,http://research-earth.de,"10000,10201",1,"6113,218329,254366,3081",160929
242770,ETH Zurich: World Food System Center,47.380699,8.542866799999999,ChIJw85x27cLkEcRCq6-pPdj3nY,"Stampfenbachstrasse 52, 8092 Zürich, Schweiz",Schweiz,http://research-earth.de,"20000,20700,20701",1,"261195,241626,82651,241507,249786,241905,241509,240705,1081,241521,58847,256461,234120,216418","152017,177584,194252"
233998,Cetrad,0.016323,37.07812699999999,ChIJmR58JUr2hxcRHoE2v73wFtg,"Nanyuki Off Hospital Road Buttsons Complex Building, Kenia",Kenia,http://research-earth.de,"10000,10403,10206,30000,30200,30207",1,"230255,239634,243072,239633,242779,1758,5425,259072,234643,240943,231596,107132,243768,242776,241649,259082,242777,230460,241567","146875,152033,177585,177588"
255304,"Departement Biomedizin, Universität Basel und Universitätsspital Basel",47.56075569999999,7.5822213,ChIJwVyTO6i5kUcRbfg5RUfogBQ,"Hebelstrasse 20, 4031 Basel, Schweiz",Schweiz,http://research-earth.de,"30000,30700,30712",1,"249624,244376,256886,255694,244377,3448",160876
241621,Buka Restaurant Osu Accra,5.5649962,-0.1827139,ChIJwWSAZYGa3w8RMbg0UvNJTUI,"10th St, Accra, Ghana",Ghana,http://research-earth.de,"30000,30200,30209",1,"107132,242551,238063,241614,241626,241617,241619,241624,242552,1447","152154,177583"
245028,International Institute for Population Sciences,19.0490209,72.9148281,ChIJg0KQPhLG5zsR6T87dpCZBps,"Govandi Station Road, Deonar, Opposite Sanjona Chamber, Mumbai, Maharashtra 400088, Indien",Indien,http://research-earth.de,"10000,10203",1,"247661,243806,245029,243804,239099,243807,7411,23069,236331","160374,183759"
77288,Faculty Of Science Sociales Et Politiques,46.5265728,6.5794921,ChIJi7zEMKkxjEcRBTbb-kFIEFg,"1022 Chavannes-près-Renens, Schweiz",Schweiz,http://research-earth.de,"10000,10201,10202",1,"253750,239617,96722,242757,238900,244869,247340,247339,239717","146777,171176"
230519,"Berner Fachhochschule BFH, Architektur, Holz und Bau",47.1586997,7.2762495,ChIJFfpEg90ejkcRjjSH_fhkqCg,"Solothurnstrasse 102, 2500 Biel, Schweiz",Schweiz,http://research-earth.de,"20000,20500,20505",1,"224160,250819,249867,240694,240700,230309",147330
249624,Schweizerisches Tropen- und Public Health-Institut,47.55592780000001,7.577431699999999,ChIJMQKj8wC5kUcRjBRGaJHolw0,"Socinstrasse 57, 4051 Basel, Schweiz",Schweiz,http://research-earth.de,"30000,30700,30712",1,"244376,255304,256886,255694,244377,3448",160876
246117,Université de Genève,46.199444,6.1451157,ChIJ3yKsR1FkjEcRIpuYmmtbIq0,"1205 Geneva, Schweiz",Schweiz,http://research-earth.de,"30000,30900,30911",1,"243760,246127,261323,256806,257165,261322,243793,246267,251123",160366
245870,New Guinea Binatang Research Centre,-5.1564005,145.7946165,ChIJzWtxxYfp9WgRGNkb54UpLhA,"North Coast Road, Nagada Harbour, Madang, Papua-Neuguinea",Papua-Neuguinea,http://research-earth.de,"30000,30800,30808",1,"110,230503,245872",160909
239744,SENAMHI,-12.0791452,-77.0427131,ChIJeT3HwvDIBZERxBAZZJEr1PE,"Jirón Cahuide 721, Jesús María 15072, Peru",Peru,http://research-earth.de,"20000,20700,20704",1,"1758,239679,240686,48278,246742,212842",147320
243768,University of Stellenbosch - Department of Botany & Zoology,-33.9321854,18.8633889,ChIJEZJ7CWiyzR0RE_cTZU_SNvA,"Natural Sciences, Merriman Ave, Stellenbosch Central, Stellenbosch, 7600, Südafrika",Sudafrika,http://research-earth.de,"30000,30200,30207",1,"107132,233998,242776,241649,259082,230255,242777,230460,241567,242779",177588
241509,INERA,12.3528862,-1.5564317,ChIJi_mZcNKVLg4REbcXpfWJ7v0,"04 BP: 8645 Ouagadougou 04, rue Guisga, Ouagadougou, Burkina Faso",Burkina Faso,http://research-earth.de,"20000,20700,20701",1,"261195,241626,82651,241507,249786,241905,240705,1081,242770,241521,58847","152017,177584"
857,Universität Zürich Anatomisches Institut,47.39755770000001,8.5489645,ChIJRWRLZXgKkEcRXVFJrWDHxNc,"Winterthurerstrasse 190, 8057 Zürich, Schweiz",Schweiz,http://research-earth.de,"10000,10201,10602",1,"249632,249633,35073,5530,229552,261321",177385
246704,Centro de investigação de Saúde de Manhiça,-25.4085626,32.8057645,ChIJFW_Q_9Le5h4R2kN3cpNVfoU,"Manhica, Mosambik",Mosambik,http://research-earth.de,"30000,30900,30911",1,"3448,246703,244398,246705,51863,229552,244402","169461,194003"
228142,École Polytechnique Fédérale de Lausanne,46.5190557,6.5667576,ChIJP6Ls3f0wjEcRcrKTf6s0zLs,"Route Cantonale, 1015 Lausanne, Schweiz",Schweiz,http://research-earth.de,"20000,20500,20502",1,"242011,244440,245881,245509,218004",160914
244428,Department of Town & Country Planning,6.79667,79.9005901,ChIJGxX3DkFF4joR2h_kRA9LUOM,"Department of Town & Country Planning, Moratuwa 10400, Sri Lanka",Sri Lanka,http://research-earth.de,"20000,20500,20506",1,"230075,245879,245878",160906
27349,Haute École de travail social et de la santé,46.5409336,6.648158,ChIJaQx4mmwujEcR2lGTqqiNJdw,"Chemin des Abeilles 14, 1010 Lausanne, Schweiz",Schweiz,http://research-earth.de,"10000,10201",1,"249560,251684,249562,252326",177296
249561,Catholic University of Central Africa,3.843718,11.520898,ChIJv_GEN_TPixARmmakSIW0kM4,"Yaounde, Kamerun",Kamerun,http://research-earth.de,NA,1,NA,NA
242011,École Polytechnique Fédérale de Lausanne,46.5190557,6.5667576,ChIJP6Ls3f0wjEcRcrKTf6s0zLs,"Route Cantonale, 1015 Lausanne, Schweiz",Schweiz,http://research-earth.de,"20000,20500,20502",1,"244440,245881,245509,228142,218004",160914
234336,Hochschulinstitut für internationale Studien und Entwicklung,46.2209088,6.1436432,ChIJJ5vlO-JkjEcRuRHZyflX0XU,"Chemin Eugène-Rigot 2A, 1202 Genève, Schweiz",Schweiz,http://research-earth.de,"10000,10203",1,"244869,51863,230255,246716,246740,244502,249519",169564
6101,Université de Lausanne,46.5210895,6.5801606,ChIJubx18aoxjEcRKKylyWpyNgk,"1015 Lausanne, Schweiz",Schweiz,http://research-earth.de,"10000,10105,10605",1,"249556,259099,249557,257614",177295
128528,Interdisziplinäres Zentrum für Geschlechterforschung,46.9557412,7.4356334,ChIJg6Qjjb45jkcR0ieyN-hOczw,"Mittelstrasse 43, 3012 Bern, Schweiz",Schweiz,http://research-earth.de,"10000,10403,10206",1,"5425,210259,240146,239685,240145,241595,242779,240943,230255",171191
212842,Plakatservice Alive Productions GmbH,47.3821698,8.5372975,ChIJyVIKIwwKkEcRV9dlc5JN3SQ,"Hafnerstrasse 60, 8005 Zürich, Schweiz",Schweiz,http://research-earth.de,"20000,20700,20704",1,"1758,239744,239679,240686,48278,246742",147320
247661,HEC Lausanne,46.5223323,6.584319600000001,ChIJO9PnfKwxjEcRiY_qC9G2eok,"Quartier de Chambronne, Internef 261, 1015 Lausanne, Schweiz",Schweiz,http://research-earth.de,"10000,10203",1,"245028,243806,245029,243804,239099,243807,7411,23069,236331","160374,183759"
245453,Université de Lausanne,46.5210895,6.5801606,ChIJubx18aoxjEcRKKylyWpyNgk,"1015 Lausanne, Schweiz",Schweiz,http://research-earth.de,"10000,10105",1,"6113,240710,239665,253616,247359,232184","146955,171188"
242552,Inrab,6.410885299999999,2.3333861,ChIJn_4VlC-oJBARUaUKgaFeXEQ,"01BP 884, Cotonou, Benin",Benin,http://research-earth.de,"30000,30200,30209",1,"107132,242551,238063,241614,241626,241617,241619,241624,241621,1447","152154,177583"
258775,Wyss Academy for Nature at the University of Bern,46.9469897,7.446789399999999,ChIJuWvQ0T05jkcRjb4ywXP3YmI,"Kochergasse 4, 3012 Bern, Schweiz",Schweiz,http://research-earth.de,"30000,30200,30206",1,"242779,255714,240146,53632,249581,238076,240943,230255,260171,226387,260169,255857,252868","152167,177592"
241513,WWF Bastos,3.888065999999999,11.5098095,ChIJyQZ1d0LPixARTyicYsa7bHw,"Yaounde, Kamerun",Kamerun,http://research-earth.de,"30000,30200,30206",1,"261067,242668,223117,243035,242672,242667,242666,242661,210229,220082,230163,221664,227440","152019,177587"
244433,Zambia National Public Health Institute,-15.4150299,28.3513449,ChIJDQMjrnyMQBkR8I0ZiblHOT0,"Lusaka, Sambia",Sambia,http://research-earth.de,"10000,10105,10104",1,"105908,245880,244432,255672,95106",160910
126726,Université de Genève,46.199444,6.1451157,ChIJ3yKsR1FkjEcRIpuYmmtbIq0,"1205 Geneva, Schweiz",Schweiz,http://research-earth.de,"10000,10203",1,"244611,240131,247342,247343",147718
239753,Universidad Peruana Cayetano Heredia,-12.0239773,-77.0565049,ChIJ0ynowZKeBZER5ZfLRStoQNA,"Av. Honorio Delgado 430, San Martín de Porres 15102, Peru",Peru,http://research-earth.de,NA,1,NA,NA
243807,Invest in Knowledge Initiative,-15.3810326,35.3244137,ChIJ_-DgfNYE2RgR4NdEW6Vihp0,"P.O. Box 506, Old Naisi Road, Zomba, Malawi",Malawi,http://research-earth.de,"10000,10203",1,"247661,245028,243806,245029,243804,239099,7411,23069,236331","160374,183759"
241521,Université d'Abomey Calavi,6.413005999999999,2.3450398,ChIJfwKQjoGpJBARfxlYycmDgo4,"Godomey, Benin",Benin,http://research-earth.de,"20000,20700,20701",1,"261195,241509,241507,241905,82651,241626,1081,240705,249786,242770,58847",177584
239679,Universidad Mayor de San Andrés,-16.5047667,-68.1299168,ChIJ3T15IGUgX5ERdpnGbDTf9lM,"J.J.Perez, La Paz, Bolivien",Bolivien,http://research-earth.de,"20000,20700,20704",1,"1758,239744,240686,48278,246742,212842",147320
245860,Universität Juba,4.840920199999999,31.5905049,ChIJY6EHca-BEhcR49HUltzPrBI,"South Sudan Hotel Headquarters, Juba, Südsudan",Sudsudan,http://research-earth.de,"10000,10201,10202",1,"242534,82651,130853,234054,248698",160867
259099,University KOUDOUGOU,12.2381543,-2.399531,ChIJfwP5aEsDLg4Rr9wZE_rtayk,"Avce Maurice Yameogo BP376, Koudougou, Burkina Faso",Burkina Faso,http://research-earth.de,"10000,10105,10605",1,"6101,249556,249557,257614",177295
250814,Department of Ecosystems and Conservation,-6.8538004,37.6576401,ChIJcym-fSNdWhgRiCrepW_qfjo,"Kididimo Road, Morogoro, Tansania",Tansania,http://research-earth.de,"30000,30200,30207",1,"71,259072,71203",177386
243039,Kenya Agricultural And Livestock Research Organisation (Kalro) - Ruiru,-1.258881,36.748114,ChIJN6Ci6GMZLxgRsQMudnRLGO4,"Gitothua Primary School, Ruiru, Kenia",Kenia,http://research-earth.de,"30000,30200,30205",1,"1081,241698,242484,241606,232147,231018","152224,177582"
249587,Jhpiego Zambia Country Office,-15.4242143,28.3142318,ChIJsbD3n76MQBkRb4X9NTxwOQ0,"8 Ngumbo Rd, Lusaka, Sambia",Sambia,http://research-earth.de,"30000,30900,30911",1,"253398,249588",177319
255714,Enviromental Care Community and Security Institute (ECCSi),16.8019413,96.1348105,ChIJ8df7ds_rwTARV5lL6h1sTfI,"Yangon, Myanmar",Myanmar,http://research-earth.de,"30000,30200,30206",1,"258775,242779,240146,53632,249581,238076,240943,230255,260171,226387,260169,255857,252868","152167,177592"
241626,INSTITUT SUPERIEUR DES SCIENCES DE LA SANTE (IN.S.SA),11.1816785,-4.363765799999999,ChIJaSgoy8T9NA4RfbumelH_8g8,"Bobo-Dioulasso, Burkina Faso",Burkina Faso,http://research-earth.de,"20000,20700,20701,30000,30200,30209",1,"261195,82651,241507,249786,241905,241509,240705,1081,242770,107132,242551,238063,241614,241617,241619,241624,241621,242552,1447,241521,58847","152017,152154,177583,177584"
218544,Institut für Zellbiologie,46.9519098,7.4285831,ChIJ0e2h-KI5jkcRCEd4mxarBDU,"Baltzerstrasse 4, 3012 Bern, Schweiz",Schweiz,http://research-earth.de,"30000,30100,30103",1,"47846,255285",191762
239191,Indian Institute of Technology Bombay,19.1334302,72.9132679,ChIJOcDvifHH5zsRTonFxaTO_Wg,"Main Gate Rd, IIT Area, Powai, Mumbai, Maharashtra 400076, Indien",Indien,http://research-earth.de,"10000,10403,10206",1,"239601,241595,251134,261344",177322
247359,Birzeit University,31.9591925,35.1820071,ChIJd1FQ9kUqHRURYNn30kByzFk,"West bank, Palestine, Birzeit",Birzeit,http://research-earth.de,"10000,10105",1,"6113,240710,239665,232184,253616,245453",171188
240710,Universität von Burundi,-3.3789351,29.3838265,ChIJJfY85u-CwRkRR4MQYiLsfIE,"Boulevard Mwezi Gisabo, Bujumbura, Burundi",Burundi,http://research-earth.de,"10000,10105",1,"6113,239665,245453,253616,247359,232184","146955,171188"
255903,Consultative Value Selling mit der PASCAL-Überzeugungstechnik ®,49.11385,7.860760099999999,ChIJZY8paeFflkcRXYQr88tuzz0,"Hauptmann-Hoffmann-Straße 25, 76891 Erlenbach bei Dahn, Deutschland",Deutschland,http://research-earth.de,"10000,10403,10206",1,"239601,246690,48578,242451","169430,194004"
239716,Copperbelt-Universität,-12.8054705,28.239582,ChIJSXhqzijmbBkRXecyfDkJXC0,"Jambo Dr, Kitwe, Sambia",Sambia,http://research-earth.de,"10000,10201,10202",1,"236390,121316,247315,239702,239705,239715,216945,233813,239765,236544","147210,171175"
218329,Universität Yaoundé II,3.9637335,11.5866291,ChIJyQ0VgBPHixARzl3n0_vrHbc,"Soa, Kamerun",Kamerun,http://research-earth.de,"10000,10201",1,"6113,254366,3081,251085",160929
257942,Kwame Nkrumah University of Science and Technology,6.674688,-1.571728,ChIJCWqVOWyU2w8RXwGYsKKMhmc,"Kwame Nkrumah University of Science and Technology, Kumasi, Ghana",Ghana,http://research-earth.de,"20000,20500,20511",1,"254738,252019,257941,1743,255915,255914,255913",193649
252868,Geographisches Institut,46.9527378,7.435243199999999,ChIJQe1GkL05jkcRZqPBJdo9Gr0,"Hallerstrasse 12, 3012 Bern, Schweiz",Schweiz,http://research-earth.de,"30000,30200,30206",1,"258775,249581,240146,238076,260171,53632,260169,255714,230255,255857,240943,226387,242779",177592
229553,Schweizerisches Tropen- und Public Health-Institut,47.55592780000001,7.577431699999999,ChIJMQKj8wC5kUcRjBRGaJHolw0,"Socinstrasse 57, 4051 Basel, Schweiz",Schweiz,http://research-earth.de,"30000,30800,30812",1,"252930,244446,229552",160919
241077,Department Of Economics,5.651063199999999,-0.1874492,ChIJRX9l_X2c3w8R4lGpdqQrskI,"Accra, Ghana",Ghana,http://research-earth.de,"10000,10203",1,"248220,241078,240201,240198,240197,1454,244468,138287",147836
242484,zfghnhgr23,47.38181489999999,8.535326099999999,ChIJYTDEDlwLkEcRgS-Y0rJWVk8,"8000 Bern, Schweiz",Schweiz,http://research-earth.de,"30000,30200,30205",1,"1081,239726,239727,239725,240683,246229,241698,241606,243039,232147,231018","147278,152224,177582"
246705,Ifakara Health Institute,-8.1461592,36.6829205,ChIJL5b3JTKyVxgRThY8MUscT60,"Off Mlabani Passage, P. O. Box 53, Ifakara, Tansania",Tansania,http://research-earth.de,"30000,30900,30911",1,"3448,246703,244398,246704,51863,229552",169461
244611,Geneva School of Economics and Management (GSEM),46.1946822,6.139558,ChIJXdRAhdV6jEcR1uCJ8Xblpc0,"Uni Mail, Boulevard du Pont d'Arve 40, 1205 Genève, Schweiz",Schweiz,http://research-earth.de,"10000,10203",1,"240131,247342,247343,126726,5945","147718,171177"
247340,Women's International League For Peace and Freedom Nigeria,6.438167,7.506223200000001,ChIJ5xcx0eGjRBARAfXSipnjxkk,"2 Chaka Cres, Ogui, Enugu, Nigeria",Nigeria,http://research-earth.de,"10000,10201,10202",1,"253750,77288,247339,239617,239717,244869,242757",171176
254738,Empa,47.402242,8.612047,ChIJsxOziaihmkcRJ_Rm4i2SByk,"Ueberlandstrasse 129, 8600 Dübendorf, Schweiz",Schweiz,http://research-earth.de,"20000,20500,20511",1,"252019,257942,257941,1743,255915,255914,255913",193649
233922,Universität Félix Houphouët-Boigny,5.3470499,-3.985291599999999,ChIJ70OV94HswQ8RLEA3OjMOlR0,"Abidjan, Côte d’Ivoire",NA,http://research-earth.de,"20000,20300,20301",1,"245436,239643",146919
249556,Université de Ouagadougou,12.3787928,-1.4996863,ChIJ-WfqF0i-Lg4RCv2Salx-RHs,"03 BP 7021, Ouagadougou, Burkina Faso",Burkina Faso,http://research-earth.de,"10000,10105,10605",1,"6101,259099,249557,257614",177295
249670,Mongolian University of Life Sciences,47.886605,106.909373,ChIJm7DDM8CTll0R9VoKKag-09I,"Khoroo 11, Ulaanbaatar, Ulaanbaatar 17024, Mongolei",Mongolei,http://research-earth.de,"20000,20800,20802",1,"32840,249671,249672,2192",177474
242661,CIFOR (Center for International Forestry Research),-6.552355599999999,106.7529327,ChIJG4ExhZDEaS4RpchmvndiPOA,"Jl. Raya Cifor, RT.03/RW.05, Situgede, Kec. Bogor Bar., Kota Bogor, Jawa Barat 16115, Indonesien",Indonesien,http://research-earth.de,"30000,30200,30206",1,"261067,242668,223117,241513,243035,242672,242667,242666,210229,220082,230163",152019
244372,Kathmandu University School of Education,27.6474505,85.3350834,ChIJUw2NiEIX6zkRKNBREdMbyMo,"Lalitpur 44700, Nepal",Nepal,http://research-earth.de,"10000,10203",1,"256297,247889,246771,246772,51863,244279,139779","169632,194005"
255441,ICIPE - International Centre of Insect Physiology and Ecology,-1.221918,36.896648,ChIJx0fnko4VLxgRncmaTvkKnFA,"Nairobi City, Kenia",Kenia,http://research-earth.de,"30000,30100,30107",1,"54808,254529",189496
249557,University of Lomé,6.177378999999999,1.2130227,ChIJT0w05HXiIxAR0jR8YOmCT2M,"01BP1515, Lomé, Togo",Togo,http://research-earth.de,"10000,10105,10605",1,"6101,249556,259099,257614",177295
249632,Universidad del Valle de Guatemala,14.603762,-90.48924799999999,ChIJb19HkamjiYUR8HVUR-FC7T0,"18 Avenida 11-95 Guatemala, 01015, Guatemala",Guatemala,http://research-earth.de,"10000,10201,10602",1,"857,249633,35073,5530,229552,261321",177385
3081,Institut européen de l'Université de Genève,46.1995028,6.147708700000001,ChIJSwS48CxljEcRnc4LhiRp-g8,"Rue Jean-Daniel-Colladon 2, 1204 Genève, Schweiz",Schweiz,http://research-earth.de,"10000,10201",1,"6113,218329,254366,251085",160929
249687,Philippine Coconut Authority - Zamboanga Research Center,6.993070299999999,121.9278969,ChIJD04gR0g5UDIREm7UOT-qKQ0,"San Ramon, Zamboanga City, Zamboanga del Sur, Philippinen",Philippinen,http://research-earth.de,"20000,20500,20510",1,"224160,249685,250819,240694,249686,250818,139587,227694",177480
253616,Université de Genève,46.199444,6.1451157,ChIJ3yKsR1FkjEcRIpuYmmtbIq0,"1205 Geneva, Schweiz",Schweiz,http://research-earth.de,"10000,10105",1,"6113,240710,239665,245453,247359,232184","146955,171188"
249681,Estación Experimental de Pastos y Forrajes Indio Hatuey,22.818856,-81.0136399,ChIJG9Z0Cwlp04gRzv4q4MKDz3I,"Central España Republicana, CP 44280, Kuba",Kuba,http://research-earth.de,"30000,30200,30205",1,"249487,259342,249683,90107,249682",177346
249703,Agrarian University of Havana,22.9984812,-82.14880939999999,ChIJhwQTvUqD0ogRQPgq2I_TqXg,Kuba,NA,http://research-earth.de,"20000,20700,20709",1,"259342,238601,230309,90107",177481
255710,Universidad Peruana Cayetano Heredia,-12.0239773,-77.0565049,ChIJ0ynowZKeBZER5ZfLRStoQNA,"Av. Honorio Delgado 430, San Martín de Porres 15102, Peru",Peru,http://research-earth.de,NA,1,NA,NA
245872,Modilon General Hospital,-5.2326616,145.7936061,ChIJ6UnKV9Lm9WgRJ1OLJ3K7aDA,"Modilon Rd, Madang, Papua-Neuguinea",Papua-Neuguinea,http://research-earth.de,"30000,30800,30808",1,"110,230503,245870",160909
255672,Basel Area Business & Innovation,47.5539357,7.595189099999999,ChIJ39CW17K5kUcRn6r5WS_KklA,"Dufourstrasse 11, 4010 Basel, Schweiz",Schweiz,http://research-earth.de,"10000,10105,10104",1,"105908,244433,245880,244432,95106",160910
230503,PNG Institute of Medical Research,-6.080174599999999,145.3827238,ChIJ_ce3EJVzWGgRW-GdXqHN32A,"Homate Street, Goroka, Papua-Neuguinea",Papua-Neuguinea,http://research-earth.de,"30000,30800,30808",1,"110,245872,245870",160909
247343,FGV EAESP - Center of Excellence in Retail (GVcev),-23.5592595,-46.6538541,ChIJszWw5zpwVwERcnRSxXAhxR8,"Av. 9 de julho, 2029 Edifício John F. Kennedy - Bela Vista, São Paulo - SP, 01313-902, Brasilien",Brasilien,http://research-earth.de,"10000,10203",1,"244611,240131,247342,126726,5945","147718,171177"
240700,Haute école de gestion Arc (HEG Arc),46.9983213,6.9408856,ChIJ2emhDSIKjkcReKPo2lQ3bW0,"Espace de l'Europe 21, 2000 Neuchâtel, Schweiz",Schweiz,http://research-earth.de,"20000,20500,20505",1,"224160,250819,249867,240694,230309,230519",147330
255125,Hochschulinstitut für internationale Studien und Entwicklung,46.2209088,6.1436432,ChIJJ5vlO-JkjEcRuRHZyflX0XU,"Chemin Eugène-Rigot 2A, 1202 Genève, Schweiz",Schweiz,http://research-earth.de,"10000,10201,10202",1,"253750,249796,249519,246778,210259,242143,242757,244502",177591
249671,"National Renewable Energy Center, Mongolia, NREC, Сэргээгдэх эрчим хүчний үндэсний төв",47.9072109,106.8535115,ChIJ7e5lfySTll0R1pM-6Zi6o4c,"Ulaanbaatar, Mongolei",Mongolei,http://research-earth.de,"20000,20800,20802",1,"32840,249672,2192,249670",177474
220082,École Polytechnique Fédérale de Lausanne,46.5190557,6.5667576,ChIJP6Ls3f0wjEcRcrKTf6s0zLs,"Route Cantonale, 1015 Lausanne, Schweiz",Schweiz,http://research-earth.de,"30000,30200,30206",1,"261067,242668,223117,241513,243035,242672,242667,242666,242661,210229,230163,221664,227440","152019,177587"
245029,UP School of Economics,14.6559877,121.0733533,ChIJne710ma3lzMR_d-j8c9NmpY,"168 Osmeña Avenue, Diliman, Quezon City, Metro Manila, Philippinen",Philippinen,http://research-earth.de,"10000,10203",1,"247661,245028,243806,243804,239099,243807,7411,23069,236331","160374,183759"
239717,Center for Security and Peace Studies,-7.774246000000001,110.372984,ChIJXXKMG0pYei4RgZur9rT0O5k,"Universitas Gadjah Mada, JL. Sekip, No. K-9, Blimbing Sari, Caturtunggal, Kec. Depok, Kabupaten Sleman, Daerah Istimewa Yogyakarta 55281, Indonesien",Indonesien,http://research-earth.de,"10000,10201,10202",1,"253750,247340,77288,247339,239617,244869,242757",171176
244468,Department of Economics,23.7345094,90.39430349999999,ChIJ14Om7sG4VTcRlzsXuPwWQZc,"2nd Floor, Social Science Building, Dhaka, Bangladesch",Bangladesch,http://research-earth.de,"10000,10203",1,"248220,241078,240201,240198,240197,1454,241077,138287",147836
240198,Institut National de la Statistique,-18.9181216,47.5206647,ChIJJ2XcUAx-8CERqFqf9H93F5U,"Antananarivo, Madagaskar",Madagaskar,http://research-earth.de,"10000,10203",1,"248220,241078,240201,240197,1454,241077,244468,138287",147836
249581,Université d’Antananarivo,-18.914032,47.55181169999999,ChIJt35a54h98CERPMREKzyK8Lw,"Présidence de l'Université d'Antananarivo: BP 566 Antananarivo, 101, Madagaskar",Madagaskar,http://research-earth.de,"20000,20700,20701,10000,10403,10206,30000,30200,30206",1,"227440,239612,218520,99008,220554,261067,230163,224425,258775,242779,255714,240146,53632,238076,240943,230255,260171,226387,260169,255857,252868","146791,146852,152167,177592"
99008,Ecole Supérieure des Sciences Agronomiques,-18.9098905,47.555881,ChIJL9-YaGKH8CER-YO5ix32mr4,"Antananarivo, Madagaskar",Madagaskar,http://research-earth.de,"20000,20700,20701",1,"227440,239612,249581,218520,220554",146791
241078,Witwatersrand-Universität,-26.1928836,28.0304733,ChIJeZ5x_rU9lR4RuvhwvtOyY50,"1 Jan Smuts Ave, Braamfontein, Johannesburg, 2000, Südafrika",Sudafrika,http://research-earth.de,"10000,10203",1,"248220,240201,240198,240197,1454,241077,244468,138287",147836
243806,Institute For Health Policy,6.915341,79.85988239999999,ChIJJ5YaOGxZ4joRlXG7MMpAgKw,"Colombo 00700, Sri Lanka",Sri Lanka,http://research-earth.de,"10000,10203",1,"247661,245028,245029,243804,239099,243807,7411,23069,236331","160374,183759"
232184,LINC - Instituut Criminologie,50.87759500000001,4.706050299999999,ChIJ_f0iT9ZgwUcR3hLa7n9k6Tk,"Herbert Hooverplein 10, 3000 Leuven, Belgien",Belgien,http://research-earth.de,"10000,10105",1,"6113,240710,247359,239665,253616,245453",171188
254198,"Department of Economics, Tribhuvan University, Nepal",27.6812901,85.2827531,ChIJd62qV20Y6zkR4NsPacjTGWo,"Kirtipur 44600, Nepal",Nepal,http://research-earth.de,"10000,10203",1,"124343,253770",188830
218520,Centre National de Recherches sur l'Environnement,-18.9330468,47.5245536,ChIJSSfrsHl-8CER37AJx5diMIM,"Rasoanaivo Cherles, Antananarivo, Madagaskar",Madagaskar,http://research-earth.de,"20000,20700,20701",1,"227440,239612,249581,99008,220554",146791
256297,"Department of Management, Technology, and Economics, ETH Zurich",47.381712,8.544163,ChIJZaArBQoKkEcRFgaMQmuibZw,"Weinbergstrasse 56/58, 8006 Zürich, Schweiz",Schweiz,http://research-earth.de,"10000,10203",1,"247889,246771,246772,51863,244372,244279,139779","169632,194005"
229363,Hochschulinstitut für internationale Studien und Entwicklung,46.2209088,6.1436432,ChIJJ5vlO-JkjEcRuRHZyflX0XU,"Chemin Eugène-Rigot 2A, 1202 Genève, Schweiz",Schweiz,http://research-earth.de,"10000,10201,10202",1,"253750,249796,246778,249519,210259,246127,242757,244502,242143",152034
231915,"ZHAW Gärten im Grüental, School of Life Sciences and Facility Management",47.2163458,8.6824301,ChIJYyw38fGvmkcRC2UypuC_73E,"Grüentalstrasse, 8820 Wädenswil, Schweiz",Schweiz,http://research-earth.de,"30000,30200,30205",1,"250813,241934",177515
259082,Lushoto Silviculture Research Centre (LSRC),-4.7898681,38.2952562,ChIJc_FIqhSVRhgRdNg4iUXuVRs,"Lushoto, Tansania",Tansania,http://research-earth.de,"30000,30200,30207",1,"107132,242777,241649,230460,243041,241567,242776,242775,230255,242779,132490,259649,243768,233998","152085,177588"
243035,WWF Colombia,4.6544631,-74.059654,ChIJd7jXr0SaP44Rs1TXDqhi--s,"Cra. 10a ## 69 A - 44, Bogotá, Kolumbien",Kolumbien,http://research-earth.de,"30000,30200,30206",1,"261067,242668,223117,241513,242672,242667,242666,242661,210229,220082,230163,221664,227440","152019,177587"
249682,National Center for Animal and Plant Health,22.9913232,-82.15342509999999,ChIJS7XqYcmc0ogRyMNQUBvYUKQ,"Autopista Nacional 23km 1/2, Carretera, San José de las Lajas, Kuba",Kuba,http://research-earth.de,"30000,30200,30205",1,"249487,259342,249683,249681,90107",177346
48278,Eidgenössische Technische Hochschule Zürich,47.37638889999999,8.547628,ChIJ94xuUaagmkcRB3Y3tij0YUs,"Rämistrasse 101, 8092 Zürich, Schweiz",Schweiz,http://research-earth.de,"20000,20700,20704",1,"1758,239744,239679,240686,246742,212842",147320
242668,ALLCOT AG,47.186779,8.49644,ChIJuSFriDermkcRTTx7lfjdf14,"Steinhauserstrasse 74, 6300 Zug, Schweiz",Schweiz,http://research-earth.de,"30000,30200,30206",1,"261067,223117,241513,243035,242672,242667,242666,242661,210229,220082,230163,221664,227440","152019,177587"
249633,Universidad Católica Sedes Sapientiae,-11.9952316,-77.06708619999999,ChIJpYNUm1fOBZERcqmSGdSm2xo,"Manuel Gonzales Prada 398, Los Olivos 15301, Peru",Peru,http://research-earth.de,"10000,10201,10602",1,"857,249632,35073,5530,229552,261321",177385
239715,Universidad de San Carlos de Guatemala,14.5873005,-90.55336129999999,ChIJDQTTkTyhiYURAkZ03RAIHsQ,"11 Avenida, Cdad. de Guatemala 01012, Guatemala",Guatemala,http://research-earth.de,"10000,10201,10202",1,"236390,121316,247315,239702,239705,239716,216945,233813,239765,236544","147210,171175"
242873,Schweizerisches Tropen- und Public Health-Institut,47.55592780000001,7.577431699999999,ChIJMQKj8wC5kUcRjBRGaJHolw0,"Socinstrasse 57, 4051 Basel, Schweiz",Schweiz,http://research-earth.de,"30000,30900,30911",1,"3448,238405,230492,51863,240143,253076,246379,244222",160373
244410,Universidade Lúrio,-15.1166707,39.2081565,ChIJCQAAu0U2xhgR5zUiXVITy2M,Mosambik,NA,http://research-earth.de,"10000,10201,10202",1,"51863,241097,253594",160897
214935,Hospital for Tropical Diseases,13.766465,100.533688,ChIJsW8cD7qe4jARvCNLEXZx97c,"420/6 Ratchawithi Rd, Thung Phaya Thai, Ratchathewi, Bangkok 10400, Thailand",Thailand,http://research-earth.de,"30000,30300,30307",1,191,193925
32840,Departement Erdwissenschaften,47.3786553,8.547169799999999,ChIJ7wS2_6agmkcRxyVCdvewGko,"Sonneggstrasse 5, 8092 Zürich, Schweiz",Schweiz,http://research-earth.de,"20000,20800,20802",1,"249671,249672,2192,249670",177474
246229,FiBL - Forschungsinstitut für biologischen Landbau,47.516939,8.025083,ChIJV2J9KrZHkEcRH1IKjqoKSH4,"Ackerstrasse 113, 5070 Frick, Schweiz",Schweiz,http://research-earth.de,"30000,30200,30205",1,"1081,239726,239727,242484,239725,240683",147278
7411,HEC Lausanne,46.5223323,6.584319600000001,ChIJO9PnfKwxjEcRiY_qC9G2eok,"Quartier de Chambronne, Internef 261, 1015 Lausanne, Schweiz",Schweiz,http://research-earth.de,"10000,10203",1,"247661,245028,243806,245029,243804,239099,243807,23069,236331","160374,183759"
239634,Eidgenössische Technische Hochschule Zürich,47.37638889999999,8.547628,ChIJ94xuUaagmkcRB3Y3tij0YUs,"Rämistrasse 101, 8092 Zürich, Schweiz",Schweiz,http://research-earth.de,"10000,10403,10206",1,"230255,233998,243072,239633",146875
139587,"Berner Fachhochschule BFH, Architektur, Holz und Bau",47.1586997,7.2762495,ChIJFfpEg90ejkcRjjSH_fhkqCg,"Solothurnstrasse 102, 2500 Biel, Schweiz",Schweiz,http://research-earth.de,"20000,20500,20510",1,"224160,249685,250819,240694,249686,249687,250818,227694",177480
249487,Ithaka Institut,46.2736212,7.385136499999999,ChIJl4S10ADejkcRljrxqsQIidk,"Rue de l'Ancienne Eglise 9, 1974 Arbaz, Schweiz",Schweiz,http://research-earth.de,"30000,30200,30205",1,"259342,249683,249681,90107,249682",177346
6684,Institut für Sozialanthropologie und Empirische Kulturwissenschaft,47.4132178,8.548773599999999,ChIJGzIpeYMKkEcRtgNniKyn8bo,"Andreasstrasse 15, 8050 Zürich, Schweiz",Schweiz,http://research-earth.de,"10000,10403",1,"6700,239729",147350
247315,Tata Institute of Social Sciences,19.0446964,72.91248399999999,ChIJa5mR9QjG5zsRPOAO8OK322k,"VN Purav Marg, Deonar, Chembur, Mumbai, Maharashtra 400088, Indien",Indien,http://research-earth.de,"10000,10201,10202",1,"236390,121316,239702,239705,239716,239715,216945,233813,239765,236544","147210,171175"
249796,Thai Boon Roong Twin Tower World Trade Center,11.5576735,104.9371455,ChIJN0ocQYlRCTERDvvQD0FZTKo,"Unnamed Road, Phnom Penh, Kambodscha",Kambodscha,http://research-earth.de,"10000,10201,10202",1,"253750,229363,246778,249519,210259,246127,242757,244502,242143,255125","152034,177591"
245878,Institute of Space Technology,33.5192819,73.1775169,ChIJRzKe1Aby3zgRxZL6P9lzacM,"Toll Plaza، 1 Islamabad Highway Near Rawat، Sector H DHA Phase II, Islamabad, Islamabad Capital Territory 44000, Pakistan",Pakistan,http://research-earth.de,"20000,20500,20506",1,"230075,245879,244428",160906
245509,EPFL Valais,46.2267984,7.3612921,ChIJp1NwgyTcjkcRyy0R3xVAkIA,"Rue de l'Industrie 17, 1950 Sion, Schweiz",Schweiz,http://research-earth.de,"20000,20500,20502",1,"242011,244440,245881,228142,218004",160914
249588,CIDRZ Head Office Zambia,-15.4091224,28.3196763,ChIJGRkbSrz0QBkREVbTZ9jZLO0,"CIDRZ Head Office,, Lusaka, Sambia",Sambia,http://research-earth.de,"30000,30900,30911",1,"253398,249587",177319
243804,Child Health Foundation,28.5214425,77.1680238,ChIJ3xeTeXQeDTkRBnfEX76z9mI,"SPYM Centre,111/9, Vasant Kunj, opp. Sector B4, New Delhi, Delhi 110070, Indien",Indien,http://research-earth.de,"10000,10203",1,"247661,245028,243806,245029,239099,243807,7411,23069,236331","160374,183759"
239730,Nouna Health Research Center,12.7285324,-3.8590852,ChIJq6rqH_nWNg4RRctJu9grbkw,"Rue Namory Kéita, Nouna, Burkina Faso",Burkina Faso,http://research-earth.de,"30000,30900,30912",1,"3448,239729,228591,252930",147286
247197,Eidgenössische Technische Hochschule Zürich,47.37638889999999,8.547628,ChIJ94xuUaagmkcRB3Y3tij0YUs,"Rämistrasse 101, 8092 Zürich, Schweiz",Schweiz,http://research-earth.de,NA,1,NA,NA
228591,Schweizerisches Tropen- und Public Health-Institut,47.55592780000001,7.577431699999999,ChIJMQKj8wC5kUcRjBRGaJHolw0,"Socinstrasse 57, 4051 Basel, Schweiz",Schweiz,http://research-earth.de,"30000,30900,30912",1,"3448,239729,252930,239730",147286
246127,Hochschulinstitut für internationale Studien und Entwicklung,46.2209088,6.1436432,ChIJJ5vlO-JkjEcRuRHZyflX0XU,"Chemin Eugène-Rigot 2A, 1202 Genève, Schweiz",Schweiz,http://research-earth.de,"10000,10201,10202,30000,30900,30911",1,"253750,249796,229363,246778,249519,210259,242757,244502,242143,243760,261323,256806,257165,261322,243793,246267,246117,251123","152034,160366"
241624,INSTITUT SUPERIEUR DES SCIENCES DE LA SANTE (IN.S.SA),11.1816785,-4.363765799999999,ChIJaSgoy8T9NA4RfbumelH_8g8,"Bobo-Dioulasso, Burkina Faso",Burkina Faso,http://research-earth.de,"30000,30200,30209",1,"107132,242551,238063,241614,241626,241617,241619,241621,242552,1447","152154,177583"
231018,ZHAW Zürcher Hochschule für Angewandte Wissenschaften,47.4998714,8.7203021,ChIJUdaPx3CZmkcRyrYw9-bnp_k,"Gertrudstrasse 15, 8400 Winterthur, Schweiz",Schweiz,http://research-earth.de,"30000,30200,30205",1,"1081,242484,241606,241698,243039,232147",177582
253770,"Department of Management, Technology, and Economics, ETH Zurich",47.381712,8.544163,ChIJZaArBQoKkEcRFgaMQmuibZw,"Weinbergstrasse 56/58, 8006 Zürich, Schweiz",Schweiz,http://research-earth.de,"10000,10203",1,"124343,254198",188830
240683,FiBL - Forschungsinstitut für biologischen Landbau,47.516939,8.025083,ChIJV2J9KrZHkEcRH1IKjqoKSH4,"Ackerstrasse 113, 5070 Frick, Schweiz",Schweiz,http://research-earth.de,"30000,30200,30205",1,"1081,239726,239727,242484,239725,246229",147278
253594,Forschungsstelle Digitale Nachhaltigkeit,46.953556,7.4402212,ChIJs8zWSTQ5jkcRueqyDSJQzzE,"Schützenmattstrasse 14, 3012 Bern, Schweiz",Schweiz,http://research-earth.de,"10000,10201,10202",1,"51863,244410,241097",160897
256806,USI Università della Svizzera italiana,46.0107081,8.9581559,ChIJwwabNpgthEcRCUtLfZifj2E,"Via Giuseppe Buffi 13, 6900 Lugano, Schweiz",Schweiz,http://research-earth.de,"30000,30900,30911",1,"243760,246127,261323,257165,261322,243793,246267,246117,251123",160366
255285,University of Jaffna Faculty of Science யாழ்ப்பாண பல்கலைக்கழகம் விஞ்ஞான பீடம்,9.684889,80.0211626,ChIJYetAahJU_joRoSC5wqyGX0Y,"Jaffna 40000, Sri Lanka",Sri Lanka,http://research-earth.de,"30000,30100,30103",1,"47846,218544",191762
212598,Département de biochimie,46.5426916,6.6641675,ChIJMXhdZGMujEcRXOTHw742qMk,"Département de biochimie, 1066 Epalinges, Schweiz",Schweiz,http://research-earth.de,"30000,30300,30307",1,218534,190140
256886,"Great Golden Glory Co.,Ltd.",16.8185116,96.1952673,ChIJWYBsXtXswTARCLcvvATeDew,"23rd Quarter, Khayapin Street, Thuwunna Yangon MM 11072, Thuwunna Bridge, Yangon, Myanmar",Myanmar,http://research-earth.de,"30000,30700,30712",1,"249624,244376,255304,255694,244377,3448",160876
240201,Foreign Trade University,21.023033,105.805437,ChIJCflhUV2rNTER4yviDFCvr00,"91 Chùa Láng, Láng Thượng, Đống Đa, Hà Nội, Vietnam",Vietnam,http://research-earth.de,"10000,10203",1,"248220,241078,240198,240197,1454,241077,244468,138287",147836
239643,Universidad de Antioquia,6.2677479,-75.5688416,ChIJL3fIyeAoRI4RKy6b5uznzBA,"Cl. 67 ##53-108, Medellín, Antioquia, Kolumbien",Kolumbien,http://research-earth.de,"20000,20300,20301",1,"245436,233922",146919
246690,Hue University of Agriculture and Forestry,16.4775051,107.5728643,ChIJI0LSMS2hQTERUicqybhtD4Q,"102 Phùng Hưng, Thuận Thành, Thành phố Huế, Thừa Thiên Huế, Vietnam",Vietnam,http://research-earth.de,"10000,10403,10206",1,"239601,255903,48578,242451","169430,194004"
246778,"Institute of Statistical, Social and Economic Research(ISSER)",5.6544922,-0.1844072,ChIJmxuPRYac3w8RSaXx1bUnRio,"P.O BoX LG 74 legon- Accra, Botanical Gardens Rd, Accra, Ghana",Ghana,http://research-earth.de,"10000,10201,10202",1,"253750,249796,229363,249519,210259,246127,242757,244502,242143,255125","152034,177591"
239617,Indonesian Consortium for Religious Studies (ICRS),-7.7648806,110.3774899,ChIJ9SaEW01Yei4RHbmWmkquUHo,"Gedung Pasca Sarjana UGM, 3rd - 4th Floor, JL. Teknika Utara, Pogung, Kocoran, Caturtunggal, Kec. Depok, Kabupaten Sleman, Daerah Istimewa Yogyakarta 55281, Indonesien",Indonesien,http://research-earth.de,"10000,10201,10202",1,"253750,77288,96722,242757,238900,244869,247340,247339,239717","146777,171176"
5945,Geneva School of Economics and Management (GSEM),46.1946822,6.139558,ChIJXdRAhdV6jEcR1uCJ8Xblpc0,"Uni Mail, Boulevard du Pont d'Arve 40, 1205 Genève, Schweiz",Schweiz,http://research-earth.de,"10000,10203",1,"247342,244611,240131,247343",171177
239665,University of Peradeniya,7.254942199999999,80.59739019999999,ChIJq6qqqt5o4zoR-0ctKIhrR7U,"Galaha Rd, 20400, Sri Lanka",Sri Lanka,http://research-earth.de,"10000,10105",1,"6113,240710,245453,253616,247359,232184","146955,171188"
256147,Vidyasirimedhi Institute of Science and Technology,13.0020925,101.4435544,ChIJib40xPojAzERRpTd1sXk__c,"555 หมู่ 1, Pa Yup Nai, Wang Chan District, Rayong 21210, Thailand",Thailand,http://research-earth.de,"30000,30100,30101",1,135442,193915
242775,University of Stellenbosch - Department of Botany & Zoology,-33.9321854,18.8633889,ChIJEZJ7CWiyzR0RE_cTZU_SNvA,"Natural Sciences, Merriman Ave, Stellenbosch Central, Stellenbosch, 7600, Südafrika",Sudafrika,http://research-earth.de,"30000,30200,30207",1,"107132,242777,259082,241649,230460,243041,241567,242776,230255,242779,132490,259649",152085
191,Medical School,46.1935501,6.1512121,ChIJae1-lc16jEcR5VaQnlVvHlg,"Rue Michel-Servet 1, 1206 Genève, Schweiz",Schweiz,http://research-earth.de,"30000,30300,30307",1,214935,193925
224425,Eidgenössische Technische Hochschule Zürich,47.37638889999999,8.547628,ChIJ94xuUaagmkcRB3Y3tij0YUs,"Rämistrasse 101, 8092 Zürich, Schweiz",Schweiz,http://research-earth.de,"10000,10403,10206",1,"227440,261067,249581,230163",146852
139779,ETH Zürich KOF,47.37808500000001,8.5461077,ChIJSUMX2QkKkEcRwTBq0x1Q128,"Leonhardstrasse 21, 8092 Zürich, Schweiz",Schweiz,http://research-earth.de,"10000,10203",1,"256297,247889,246771,246772,51863,244372,244279","169632,194005"
241649,CABI Africa,-1.2513672,36.8187484,ChIJE7H1jb4XLxgRCMxFCwRKhaM,"673 Canary Bird, Limuru Rd, Nairobi, Kenia",Kenia,http://research-earth.de,"30000,30200,30207",1,"107132,242777,259082,230460,243041,241567,242776,242775,230255,242779,132490,259649,243768,233998","152085,177588"
239765,Universität Félix Houphouët-Boigny,5.3470499,-3.985291599999999,ChIJ70OV94HswQ8RLEA3OjMOlR0,"Abidjan, Côte d’Ivoire",NA,http://research-earth.de,"10000,10201,10202",1,"236390,121316,239715,239702,247315,239716,216945,236544",171175
1743,Empa,47.402242,8.612047,ChIJsxOziaihmkcRJ_Rm4i2SByk,"Ueberlandstrasse 129, 8600 Dübendorf, Schweiz",Schweiz,http://research-earth.de,"20000,20500,20511",1,"254738,252019,257942,257941,255915,255914,255913",193649
254529,Monash University Malaysia,3.0649648,101.6009742,ChIJM2o3ebBOzDERnVuu0RJhItk,"Jalan Lagoon Selatan, Bandar Sunway, 47500 Subang Jaya, Selangor, Malaysia",Malaysia,http://research-earth.de,"30000,30100,30107",1,"54808,255441",189496
243072,Quantis,47.3742017,8.5228736,ChIJnYLTiQ8KkEcRDo9YMzYKgrg,"Badenerstrasse 141, 8004 Zürich, Schweiz",Schweiz,http://research-earth.de,"10000,10403,10206",1,"230255,233998,239634,239633",146875
1447,Schweizerischer Nationalfonds SNF,46.949211,7.432405999999999,ChIJ254lmLw5jkcRizYCYBshS9A,"Wildhainweg 3, 3001 Bern, Schweiz",Schweiz,http://research-earth.de,"30000,30200,30209",1,"107132,242551,238063,241614,241626,241617,241619,241624,241621,242552",152154
